Mikal,Bridges,SF,25,PHO,0.725101626,34.80487805,0.364,0.183,2.9,10,8.7,1.6,1.1,6.8,15,0.369,0.628,0.834
Saddiq,Bey,SF,22,DET,0.68699187,32.97560976,0.537,0.224,4.1,14.1,13.8,1.3,0.5,7.1,21.3,0.346,0.454,0.827
Deni,Avdija,SF,21,WAS,0.504065041,24.19512195,0.447,0.235,3,20.5,11.8,1.5,1.9,12,16.3,0.317,0.525,0.757
Dwight,Powell,C,30,DAL,0.456808943,21.92682927,0.092,0.529,10.7,14.3,8.1,1,2,11.5,14,0.351,0.703,0.783
Kevon,Looney,C,25,GSW,0.44004065,21.12195122,0.003,0.343,13.5,23.8,13.2,1.4,2.9,13.8,12.2,0,0.573,0.6
Patty,Mills,PG,33,BRK,0.603395062,28.96296296,0.715,0.074,0.9,6.2,10.6,1.1,0.6,8.2,16.4,0.4,0.429,0.814
Alec,Burks,SG,30,NYK,0.596193416,28.61728395,0.534,0.363,2.1,16.6,15.7,1.8,1.1,9.7,17.7,0.404,0.378,0.822
Terance,Mann,SF,25,LAC,0.595936214,28.60493827,0.301,0.238,4.9,14.3,13.1,1.2,0.8,9.9,16,0.365,0.535,0.78
Miles,Bridges,PF,23,CHO,0.738802083,35.4625,0.383,0.274,3.3,17.8,15.7,1.3,2.2,9.9,22.6,0.331,0.59,0.802
Dorian,Finney-Smith,PF,28,DAL,0.688541667,33.05,0.629,0.12,5.1,10.7,8.2,1.7,1.3,9.9,13.8,0.395,0.599,0.675
Evan,Fournier,SG,29,NYK,0.6140625,29.475,0.641,0.117,1.5,8.2,11.9,1.7,0.8,9.4,20.8,0.389,0.465,0.708
Chris,Boucher,PF,29,TOR,0.440104167,21.125,0.397,0.334,10.9,21.3,2.2,1.4,4.3,6,17.8,0.297,0.575,0.777
Jalen,Brunson,PG,25,DAL,0.665611814,31.94936709,0.25,0.211,1.9,11.7,24.3,1.3,0.1,10.1,21.9,0.373,0.545,0.84
Franz,Wagner,SF,20,ORL,0.640559072,30.74683544,0.278,0.225,3.6,11.9,15.7,1.4,1.3,10,21.2,0.354,0.511,0.863
Jordan,Clarkson,SG,29,UTA,0.564609705,27.10126582,0.536,0.156,3.5,10.2,14.5,1.5,0.7,9.8,26.8,0.318,0.535,0.828
Duncan,Robinson,SG,27,MIA,0.538765823,25.86075949,0.86,0.084,1.4,9.8,9.3,1,0.7,7.4,17.7,0.372,0.569,0.836
Malik,Beasley,SG,25,MIN,0.521097046,25.01265823,0.749,0.071,1.4,11.2,8.5,1,0.6,4.7,19.4,0.377,0.432,0.817
Kenyon,Martin Jr.,SF,21,HOU,0.436708861,20.96202532,0.321,0.235,5.3,14.5,9.4,1,2.2,9.4,16.3,0.357,0.617,0.634
Russell,Westbrook,PG,33,LAL,0.715277778,34.33333333,0.215,0.324,4.4,18.8,31.6,1.3,0.7,17.3,27.3,0.298,0.485,0.667
Herbert,Jones,PF,23,NOP,0.62366453,29.93589744,0.293,0.283,4.5,9.6,10,2.7,2.5,13.4,13.7,0.337,0.533,0.84
Jaren,Jackson Jr.,PF,22,MEM,0.56784188,27.25641026,0.387,0.333,5.7,16.9,5.8,1.6,7.4,9.9,25.4,0.319,0.476,0.823
Jae'Sean,Tate,SF,26,HOU,0.549145299,26.35897436,0.277,0.252,7.2,15.3,16.9,1.7,1.8,14.6,19.6,0.312,0.569,0.707
Immanuel,Quickley,PG,22,NYK,0.481303419,23.1025641,0.547,0.278,1.8,13.1,24.5,1.5,0.2,10.9,22.2,0.346,0.448,0.881
Harrison,Barnes,PF,29,SAC,0.699945887,33.5974026,0.432,0.495,3.4,14.9,10.5,1,0.5,10.4,18.8,0.394,0.525,0.826
Royce,O'Neale,SF,28,UTA,0.650974026,31.24675325,0.689,0.126,3,13.4,10.5,1.8,1.2,14.4,9.9,0.389,0.609,0.804
Kentavious,Caldwell-Pope,SG,28,WAS,0.630140693,30.24675325,0.492,0.186,2,10.3,9.1,1.8,0.9,9.8,19,0.39,0.48,0.89
Ayo,Dosunmu,SG,22,CHI,0.570887446,27.4025974,0.348,0.146,1.4,9.9,16.5,1.4,1.2,15.9,14.1,0.376,0.596,0.679
Grant,Williams,PF,23,BOS,0.507305195,24.35064935,0.597,0.22,3.8,11.8,5.7,1,2.8,11.6,12.6,0.411,0.569,0.905
Corey,Kispert,SF,22,WAS,0.48728355,23.38961039,0.623,0.121,3.3,9.4,6.7,1,1,8.5,14.6,0.35,0.629,0.871
Delon,Wright,SG,29,ATL,0.392857143,18.85714286,0.431,0.234,3.8,12.7,16.6,3.1,1.2,13.2,10.3,0.379,0.51,0.857
Naz,Reid,C,22,MIN,0.328733766,15.77922078,0.349,0.313,8.8,18,8.7,1.6,5.6,13.2,21.4,0.343,0.568,0.765
DeMar,DeRozan,PF,32,CHI,0.75191886,36.09210526,0.093,0.386,2.3,13.7,23.3,1.2,0.8,9.2,31.8,0.352,0.52,0.877
Jayson,Tatum,SF,23,BOS,0.748629386,35.93421053,0.416,0.3,3.5,20.2,21.1,1.4,1.6,10.9,32.1,0.353,0.524,0.853
Trae,Young,PG,23,ATL,0.726973684,34.89473684,0.395,0.358,2.1,9.6,46.7,1.3,0.2,14.5,34.4,0.382,0.512,0.904
Jordan,Poole,SG,22,GSW,0.625822368,30.03947368,0.548,0.251,1.7,10.5,21,1.3,1,13.7,26,0.364,0.55,0.925
Desmond,Bane,SF,23,MEM,0.621162281,29.81578947,0.475,0.141,2.1,13.6,13.5,1.9,1.1,8.7,23.1,0.436,0.484,0.903
Devonte',Graham,PG,26,NOP,0.592653509,28.44736842,0.691,0.172,1.9,7.3,21,1.6,0.5,10.7,19.5,0.341,0.413,0.843
Malik,Monk,SG,23,LAL,0.586348684,28.14473684,0.535,0.142,1.9,11,15.2,1.4,1.2,12.2,20.1,0.391,0.568,0.795
Kelly,Oubre Jr.,SF,26,CHO,0.547971491,26.30263158,0.593,0.203,4.1,12,6.2,1.8,1.5,6.2,23,0.345,0.578,0.667
Steven,Adams,C,28,MEM,0.547971491,26.30263158,0.003,0.518,17.9,22,16.1,1.6,2.7,19.6,12,0,0.548,0.543
Ivica,Zubac,C,24,LAC,0.507675439,24.36842105,0,0.459,12.8,23.7,9.8,1,3.5,16.1,16.8,,0.626,0.727
Georges,Niang,PF,28,PHI,0.475877193,22.84210526,0.687,0.105,1.6,11.3,8.7,0.9,0.7,9.1,16.8,0.403,0.511,0.881
Tyrese,Maxey,PG,21,PHI,0.736111111,35.33333333,0.311,0.247,1.1,8.9,19.1,1,1.1,7.4,20.2,0.427,0.512,0.866
LaMelo,Ball,PG,20,CHO,0.672777778,32.29333333,0.451,0.194,4.7,17.4,35.7,2.4,1.2,15.3,28.2,0.389,0.462,0.872
Keldon,Johnson,SF,22,SAS,0.664444444,31.89333333,0.395,0.231,3.5,16.7,9.5,1.2,0.5,7.6,21.3,0.398,0.51,0.756
Aaron,Gordon,PF,26,DEN,0.66,31.68,0.312,0.276,6.1,14.3,11.6,0.9,1.7,12.5,19.7,0.335,0.605,0.743
Reggie,Jackson,SG,31,LAC,0.649166667,31.16,0.419,0.133,1.8,10.2,24.6,1.2,0.5,11.8,27.6,0.326,0.439,0.847
Monte,Morris,PG,26,DEN,0.621944444,29.85333333,0.406,0.109,1.4,9.6,21.4,1.2,0.6,8.8,17.4,0.395,0.545,0.869
Davion,Mitchell,PG,23,SAC,0.576666667,27.68,0.38,0.101,1.7,7,22.5,1.3,1,11.5,20.6,0.316,0.48,0.659
Jeff,Green,C,35,DEN,0.513611111,24.65333333,0.318,0.374,2.6,11.1,7.3,0.7,1.3,10.3,16.3,0.315,0.62,0.833
Scottie,Barnes,PF,20,TOR,0.736768018,35.36486486,0.207,0.231,7.7,15.8,14.7,1.5,2.1,11.7,19,0.301,0.543,0.735
Nikola,Jokić,C,26,DEN,0.697072072,33.45945946,0.22,0.357,9.6,35.5,42.6,2.2,2.3,15.6,31.9,0.337,0.652,0.81
Karl-Anthony,Towns,C,26,MIN,0.697072072,33.45945946,0.301,0.385,8.2,23.6,18,1.4,3.2,13.7,27.8,0.41,0.58,0.822
Jonas,Valančiūnas,C,29,NOP,0.630630631,30.27027027,0.168,0.308,10.9,31.2,14,0.9,2.6,14.4,23.8,0.361,0.581,0.82
Kevin,Huerter,SG,23,ATL,0.615990991,29.56756757,0.541,0.068,1.6,11,13.2,1.2,1.1,10.4,17.5,0.389,0.53,0.808
Clint,Capela,C,27,ATL,0.574887387,27.59459459,0.002,0.28,15,31.9,6.6,1.3,4.1,6.1,15.5,0,0.614,0.473
Jarred,Vanderbilt,PF,22,MIN,0.529279279,25.40540541,0.039,0.363,12,23.9,6.7,2.5,2.4,14.8,10.9,0.143,0.605,0.656
Kevin,Love,PF,33,CLE,0.46875,22.5,0.627,0.26,5.9,29.2,15.3,0.8,1,10.4,25.1,0.392,0.493,0.838
Josh,Christopher,SG,20,HOU,0.375563063,18.02702703,0.378,0.226,4.3,11.1,17.3,2.3,0.9,17.2,21.1,0.296,0.54,0.735
JaVale,McGee,C,34,PHO,0.329954955,15.83783784,0.02,0.319,15.3,29.7,5.4,0.9,6.1,15.8,22.8,0.222,0.637,0.699
Tobias,Harris,PF,29,PHI,0.725742009,34.83561644,0.269,0.198,3.4,18.1,15.9,0.9,1.5,9.5,21.7,0.367,0.525,0.842
Terry,Rozier,SG,27,CHO,0.701484018,33.67123288,0.508,0.151,2.4,11.3,19.7,1.8,1,7.2,23.2,0.374,0.516,0.852
Nikola,Vučević,C,31,CHI,0.690068493,33.12328767,0.287,0.105,6.6,30.7,15.2,1.4,2.5,10.1,24.5,0.314,0.537,0.76
Andrew,Wiggins,SF,26,GSW,0.66466895,31.90410959,0.392,0.231,4.1,10.9,10.8,1.6,2.1,9,23.1,0.393,0.513,0.634
Mason,Plumlee,C,31,CHO,0.511700913,24.56164384,0.006,0.534,10.2,23.3,16.4,1.6,2.7,20.2,11.7,0,0.645,0.392
Precious,Achiuwa,C,22,TOR,0.492294521,23.63013699,0.259,0.217,8.7,21.7,6.9,1.1,2.3,11.3,18.5,0.359,0.468,0.595
De'Anthony,Melton,SG,23,MEM,0.472888128,22.69863014,0.535,0.173,4,17.1,16,3,2.1,13,21.3,0.374,0.44,0.75
Tyus,Jones,PG,25,MEM,0.44206621,21.21917808,0.371,0.12,1.1,11,28.2,2,0.1,7.3,16.6,0.39,0.487,0.818
Juan,Toscano-Anderson,SF,28,GSW,0.283675799,13.61643836,0.37,0.298,3.2,15.8,17.6,2.4,1.6,20.4,14.7,0.322,0.588,0.571
Julius,Randle,PF,27,NYK,0.736111111,35.33333333,0.313,0.322,5.2,25.5,25.1,1,1.5,14.7,28.7,0.308,0.458,0.756
Anthony,Edwards,SG,20,MIN,0.713541667,34.25,0.484,0.225,2.6,12.5,17.4,2,1.8,12.2,26.4,0.357,0.519,0.786
Mike,Conley,PG,34,UTA,0.595486111,28.58333333,0.523,0.205,2.6,8.8,27.7,2.3,0.9,12.5,20.9,0.408,0.464,0.796
Bobby,Portis,C,26,MIL,0.586805556,28.16666667,0.388,0.13,9.6,24.4,6.4,1.3,2.4,8.9,21.3,0.393,0.533,0.752
Mitchell,Robinson,C,23,NYK,0.534722222,25.66666667,0,0.528,16.8,19.1,3.2,1.6,7.1,12.4,11.4,,0.761,0.486
Bruce,Brown,SF,25,BRK,0.513310185,24.63888889,0.186,0.253,6.3,14.7,11.5,2.1,2.6,9.1,15,0.404,0.529,0.758
Alperen,Şengün,C,19,HOU,0.430844907,20.68055556,0.223,0.442,10.1,18.9,19.1,1.9,4.1,18.8,22,0.248,0.539,0.711
Daniel,Gafford,C,23,WAS,0.417824074,20.05555556,0.002,0.372,12.1,19,7.3,1,5.8,12,16.7,0,0.695,0.699
John,Konchar,SG,25,MEM,0.373842593,17.94444444,0.481,0.187,6.9,20.1,10.6,1.7,1.5,9.3,9.9,0.413,0.61,0.551
Obi,Toppin,PF,23,NYK,0.355902778,17.08333333,0.357,0.262,5.9,17.7,10.9,1,2.6,9.6,20.8,0.308,0.655,0.758
Marcus,Smart,PG,27,BOS,0.67370892,32.33802817,0.501,0.249,2,10.5,25.6,2.6,0.7,16.6,18.3,0.331,0.506,0.793
Will,Barton,SG,31,DEN,0.668133803,32.07042254,0.48,0.142,2.2,14.1,17.6,1.2,1.2,11.8,20.8,0.365,0.504,0.803
P.J.,Tucker,PF,36,MIA,0.581279343,27.90140845,0.451,0.143,5.8,16.2,10.6,1.5,0.8,12.7,11.7,0.415,0.54,0.738
Devin,Vassell,SF,21,SAS,0.568368545,27.28169014,0.497,0.13,2.4,14.3,9.7,1.9,1.8,6.7,18.9,0.361,0.492,0.838
Cody,Martin,SF,26,CHO,0.547535211,26.28169014,0.376,0.253,4.6,11.7,12.4,2.3,1.6,11.5,12.1,0.384,0.542,0.701
Mo,Bamba,C,23,ORL,0.535211268,25.69014085,0.455,0.118,8.5,24.6,7.4,1,5.9,10.6,17.2,0.381,0.563,0.781
Isaiah,Stewart,C,20,DET,0.53286385,25.57746479,0.094,0.21,12.8,24.5,6.9,0.6,3.9,13.7,14.6,0.326,0.529,0.718
Gary,Payton II,PG,29,GSW,0.365903756,17.56338028,0.349,0.169,6.5,14.9,7.6,3.8,1.7,9.8,14.3,0.358,0.754,0.603
Nemanja,Bjelica,C,33,GSW,0.335093897,16.08450704,0.436,0.237,6.1,21.5,19.8,1.8,2.2,18.7,17.8,0.362,0.549,0.728
Payton,Pritchard,SG,24,BOS,0.293720657,14.09859155,0.657,0.056,3.5,10.8,20.4,1.2,0.5,9.7,18.6,0.412,0.461,1
Gary,Trent Jr.,SG,23,TOR,0.728571429,34.97142857,0.502,0.188,1.1,7.7,8.8,2.5,0.8,5.8,21.8,0.383,0.445,0.853
RJ,Barrett,SF,21,NYK,0.719345238,34.52857143,0.338,0.34,2.9,15.5,14.9,0.9,0.7,9.9,27.6,0.342,0.442,0.714
Luke,Kennard,SG,25,LAC,0.571130952,27.41428571,0.662,0.121,1.1,11.2,11.2,1.1,0.3,8.2,16.8,0.449,0.449,0.896
Jaden,McDaniels,PF,21,MIN,0.536607143,25.75714286,0.455,0.128,4.4,13.2,6.1,1.4,2.9,11.4,15.3,0.317,0.579,0.803
Chuma,Okeke,PF,23,ORL,0.520535714,24.98571429,0.645,0.113,2.8,18.2,10.1,2.7,2.2,8.6,16.4,0.318,0.48,0.846
Lonnie,Walker IV,SG,23,SAS,0.479761905,23.02857143,0.462,0.194,1.2,10.7,13.4,1.3,1,7.9,23.6,0.314,0.487,0.784
Jaxson,Hayes,C,21,NOP,0.416071429,19.97142857,0.143,0.472,8.9,16.2,4.7,1.2,3.8,10.1,16.4,0.351,0.66,0.766
Raul,Neto,PG,29,WAS,0.408333333,19.6,0.272,0.245,1.1,9.6,22.9,2,0.2,13.9,18.4,0.292,0.526,0.769
Jonathan,Kuminga,SF,19,GSW,0.352678571,16.92857143,0.324,0.413,5.1,16.1,8.4,1.3,1.8,12,22.7,0.336,0.598,0.684
Evan,Mobley,PF,20,CLE,0.703804348,33.7826087,0.111,0.304,6.9,19.8,11.6,1.2,4.4,12.4,20.4,0.25,0.541,0.663
Bojan,Bogdanović,PF,32,UTA,0.643417874,30.88405797,0.504,0.28,3.1,11.8,8.7,0.8,0,10.2,23.7,0.387,0.524,0.858
Al,Horford,C,35,BOS,0.605374396,29.05797101,0.466,0.167,6,22.2,16.4,1.2,4.2,9.6,14.8,0.336,0.582,0.842
Darius,Bazley,PF,21,OKC,0.580917874,27.88405797,0.414,0.262,3.7,19.8,7.7,1.5,3.4,11.1,18.3,0.297,0.511,0.688
Carmelo,Anthony,PF,37,LAL,0.541364734,25.98550725,0.549,0.22,3.7,13.5,5.6,1.3,2.6,6.9,20.4,0.375,0.521,0.83
Amir,Coffey,SG,24,LAC,0.473128019,22.71014493,0.545,0.251,1.8,11.2,11.4,1.2,0.8,8,15.8,0.378,0.542,0.863
Kyle,Anderson,PF,28,MEM,0.448067633,21.50724638,0.232,0.224,4.8,21.6,16.2,2.5,2.7,12.1,16.2,0.33,0.481,0.638
Landry,Shamet,SG,24,PHO,0.433876812,20.82608696,0.689,0.167,1.2,8,9.7,0.9,0.6,7.3,16.8,0.368,0.45,0.84
Bones,Hyland,PG,21,DEN,0.395531401,18.98550725,0.627,0.219,1.2,14.4,21.2,1.5,1.4,12.1,23.8,0.366,0.465,0.856
Taurean,Prince,PF,27,MIN,0.355374396,17.05797101,0.587,0.21,2.3,13.8,8.1,1.9,1.9,11.1,17,0.376,0.565,0.756
Tre,Jones,PG,22,SAS,0.346618357,16.63768116,0.15,0.268,2.6,11.6,27,1.8,0.5,10.8,15.6,0.196,0.542,0.78
Pascal,Siakam,PF,27,TOR,0.789828431,37.91176471,0.181,0.314,5.1,20.1,23,1.6,1.6,11.6,25.8,0.344,0.527,0.749
Darius,Garland,PG,22,CLE,0.744485294,35.73529412,0.387,0.205,1.8,8.2,39.9,1.8,0.3,16.2,27.8,0.383,0.512,0.892
Dejounte,Murray,PG,25,SAS,0.724877451,34.79411765,0.237,0.199,3.5,21.6,40.6,2.8,0.8,11.8,27.3,0.327,0.504,0.794
Devin,Booker,SG,25,PHO,0.718443627,34.48529412,0.336,0.255,2.1,13.2,22.4,1.6,1,9.3,32,0.383,0.508,0.868
Joel,Embiid,C,27,PHI,0.703737745,33.77941176,0.188,0.602,7.2,31.1,23.5,1.7,3.9,11.3,37.2,0.371,0.529,0.814
Christian,Wood,C,26,HOU,0.641544118,30.79411765,0.383,0.378,5.7,30.4,12.2,1.2,2.8,11,23.3,0.39,0.57,0.623
Jakob,Poeltl,C,26,SAS,0.603553922,28.97058824,0.002,0.287,13.9,20,14,1.1,5,12.7,18.3,1,0.618,0.495
Reggie,Bullock,SF,30,DAL,0.582720588,27.97058824,0.782,0.096,1.9,12.2,6.1,1.1,0.7,7.1,13.3,0.36,0.55,0.833
Gabe,Vincent,PG,25,MIA,0.48682598,23.36764706,0.63,0.105,1.6,7.3,19.4,2,0.8,15.4,17.8,0.368,0.5,0.815
Max,Strus,SF,25,MIA,0.486213235,23.33823529,0.784,0.094,1.7,12.5,8.8,0.9,1.1,8.8,18.1,0.41,0.557,0.792
Isaiah,Hartenstein,C,23,LAC,0.37254902,17.88235294,0.082,0.361,10.5,18.2,20.5,2,5.4,16.5,18.4,0.467,0.64,0.689
Zach,LaVine,SF,26,CHI,0.723880597,34.74626866,0.401,0.316,1.1,13.8,20.8,0.9,0.9,11.2,28.8,0.389,0.534,0.853
Donovan,Mitchell,SG,25,UTA,0.70460199,33.82089552,0.475,0.227,2.7,10.6,27.7,2.2,0.5,11.7,32.9,0.355,0.533,0.853
Jrue,Holiday,PG,31,MIL,0.686256219,32.94029851,0.336,0.189,3.4,10.9,31.8,2.4,1.3,15,23.5,0.411,0.547,0.761
Giannis,Antetokounmpo,PF,27,MIL,0.685323383,32.89552239,0.194,0.615,6.6,30.4,31.7,1.6,4,12.2,34.9,0.293,0.616,0.722
Jalen,Green,SG,19,HOU,0.664800995,31.91044776,0.48,0.247,1.7,10,13.1,1,0.8,11.3,23.7,0.343,0.502,0.797
Isaac,Okoro,SF,21,CLE,0.615982587,29.56716418,0.364,0.36,4.1,7.1,8.5,1.4,1,10.4,12.4,0.35,0.555,0.768
Jae,Crowder,PF,31,PHO,0.586442786,28.14925373,0.671,0.165,1.8,18,8.3,2.4,1.4,8.6,14.6,0.348,0.503,0.789
Oshae,Brissett,SF,23,IND,0.486318408,23.34328358,0.468,0.324,7.6,18.1,6.4,1.4,1.6,8.5,17.3,0.35,0.465,0.695
Austin,Rivers,SG,29,DEN,0.460199005,22.08955224,0.66,0.126,1.5,6.9,8,1.7,0.4,12.8,12.6,0.342,0.563,0.727
Furkan,Korkmaz,SG,24,PHI,0.439676617,21.10447761,0.566,0.179,1.8,11.9,13.1,1.2,0.6,8.6,17.6,0.289,0.515,0.81
Cam,Thomas,SG,20,BRK,0.365671642,17.55223881,0.346,0.209,1.5,13.1,9.7,1.4,0.6,9.1,22.1,0.27,0.52,0.829
JaMychal,Green,PF,31,DEN,0.337375622,16.19402985,0.379,0.284,8.6,19.9,7.6,1.9,2.2,13.4,17.2,0.266,0.621,0.871
Dewayne,Dedmon,C,32,MIA,0.331156716,15.89552239,0.162,0.345,11.4,29.4,6.7,1.1,4.2,17.3,16.9,0.404,0.597,0.75
Josh,Green,SG,21,DAL,0.323072139,15.50746269,0.305,0.176,5.6,11.7,11,2.2,1.2,13.8,13.9,0.359,0.573,0.689
Jaylen,Brown,SF,25,BOS,0.700757576,33.63636364,0.381,0.261,2.6,16.7,17.9,1.6,0.7,11.6,30.5,0.358,0.544,0.758
Kyle,Kuzma,PF,26,WAS,0.695707071,33.39393939,0.401,0.234,3.6,24.3,16.3,0.9,2.2,14.1,24.2,0.341,0.526,0.712
Tyler,Herro,SG,22,MIA,0.678977273,32.59090909,0.391,0.195,1.7,15.4,20.9,1,0.4,12.5,28.8,0.399,0.477,0.868
Khris,Middleton,SF,30,MIL,0.675820707,32.43939394,0.425,0.285,2.1,15.3,25.5,1.7,0.8,14.2,26.7,0.373,0.494,0.89
Rudy,Gobert,C,29,UTA,0.669191919,32.12121212,0.008,0.864,12.9,36.3,5.1,1,5.7,14.5,16.9,0,0.718,0.69
Grayson,Allen,SG,26,MIL,0.569760101,27.34848485,0.684,0.13,1.9,10.9,7.6,1.2,1,6.7,15.2,0.409,0.533,0.865
Cameron,Johnson,PF,25,PHO,0.546085859,26.21212121,0.644,0.188,2.7,14,7.7,1.6,0.8,6.7,17.5,0.425,0.523,0.86
Matisse,Thybulle,SG,24,PHI,0.531881313,25.53030303,0.48,0.143,2.8,7.1,6.1,3.4,3.8,10.9,9.5,0.313,0.673,0.791
Danilo,Gallinari,PF,33,ATL,0.527777778,25.33333333,0.492,0.261,2.3,17.8,8.5,0.8,0.6,5.4,18.4,0.381,0.485,0.904
Killian,Hayes,PG,20,DET,0.519886364,24.95454545,0.364,0.161,2.2,12,24.6,2.3,1.9,18.4,15.7,0.263,0.452,0.77
Cedi,Osman,SF,26,CLE,0.461489899,22.15151515,0.628,0.229,1.9,9,14.1,1.8,0.6,9.6,21.1,0.357,0.559,0.664
Troy,Brown Jr.,SF,22,CHI,0.333017677,15.98484848,0.516,0.101,4.2,17.4,8.2,1.7,0.4,8.8,12.3,0.353,0.488,0.769
Fred,VanVleet,PG,27,TOR,0.789102564,37.87692308,0.585,0.202,1.8,11.4,26.7,2.3,1.4,12.5,23.7,0.377,0.44,0.874
Luka,Dončić,PG,22,DAL,0.7375,35.4,0.406,0.349,2.7,26,46,1.6,1.4,15.3,37.4,0.353,0.528,0.744
Chris,Paul,PG,36,PHO,0.685576923,32.90769231,0.27,0.274,1.1,12.8,44.5,2.7,0.8,15.6,19.7,0.317,0.559,0.837
D'Angelo,Russell,PG,25,MIN,0.665705128,31.95384615,0.531,0.246,1.3,10.1,33.1,1.4,1,13.2,25.1,0.34,0.492,0.825
Cole,Anthony,PG,21,ORL,0.659935897,31.67692308,0.429,0.277,1.6,16.2,28.9,1.1,0.8,14.2,25.1,0.338,0.432,0.854
P.J.,Washington,PF,23,CHO,0.566666667,27.2,0.566,0.152,4.8,15.5,11.2,1.5,3.3,12.6,15.6,0.365,0.606,0.716
Garrison,Mathews,SG,25,HOU,0.548717949,26.33846154,0.837,0.39,2,10.2,5.3,1.6,1.3,7.1,14.4,0.36,0.6,0.794
Pat,Connaughton,SG,29,MIL,0.541987179,26.01538462,0.746,0.109,2.9,14,6.6,1.7,0.9,6.3,14,0.395,0.643,0.833
Cory,Joseph,PG,30,DET,0.512820513,24.61538462,0.393,0.283,1.9,10.3,21.8,1.3,1,15.9,14.3,0.414,0.465,0.885
Javonte,Green,SF,28,CHI,0.486858974,23.36923077,0.311,0.295,6.8,13.6,5.3,2.2,1.8,7.6,11.5,0.356,0.625,0.833
Facundo,Campazzo,PG,30,DEN,0.379487179,18.21538462,0.652,0.264,2.2,8.6,24.1,2.6,1.8,16.9,14.7,0.301,0.476,0.769
Hassan,Whiteside,C,32,UTA,0.372435897,17.87692308,0,0.506,16.2,29.9,3.4,0.9,7.8,11.6,17.1,,0.652,0.623
Stephen,Curry,PG,33,GSW,0.719726563,34.546875,0.613,0.243,1.7,14.4,30.4,1.9,1,13.2,30.8,0.38,0.527,0.923
Cade,Cunningham,PG,20,DET,0.6796875,32.625,0.352,0.163,2.9,16.2,29.1,1.8,1.9,17.5,27.5,0.314,0.472,0.845
R.J.,Hampton,SG,20,ORL,0.456380208,21.90625,0.4,0.256,1.7,12.9,16.9,1.4,0.8,14.6,18.4,0.35,0.405,0.641
Ben,McLemore,SG,28,POR,0.418294271,20.078125,0.774,0.163,1,8.1,7.3,1.4,0.8,8.7,21.3,0.362,0.533,0.818
Brandon,Clarke,PF,25,MEM,0.405598958,19.46875,0.049,0.291,11.1,17.8,10.3,1.5,4.9,6.3,17.7,0.227,0.666,0.654
Dalano,Banton,PG,22,TOR,0.2265625,10.875,0.252,0.218,5.6,14.1,19.8,2,1.4,19.3,16.9,0.255,0.464,0.591
Kyle,Lowry,PG,35,MIA,0.705357143,33.85714286,0.609,0.278,1.8,13,32.3,1.6,0.8,19.3,18.2,0.377,0.539,0.851
Bogdan,Bogdanović,SG,29,ATL,0.611111111,29.33333333,0.578,0.145,1.7,13,15.5,1.8,0.7,7.7,21.6,0.368,0.516,0.843
Terrence,Ross,SG,30,ORL,0.478835979,22.98412698,0.477,0.235,1.5,10.3,12.5,0.9,0.8,10.9,20.5,0.292,0.493,0.862
Otto,Porter Jr.,PF,28,GSW,0.461640212,22.15873016,0.519,0.147,6.9,21,9.6,2.4,2,7.7,15,0.37,0.565,0.803
Damion,Lee,SG,29,GSW,0.415343915,19.93650794,0.488,0.196,2.4,14.9,7.1,1.5,0.5,8.4,15.8,0.337,0.541,0.88
Lamar,Stevens,PF,24,CLE,0.335648148,16.11111111,0.204,0.235,5.2,12.5,6.5,1.5,1.6,10.4,17.1,0.277,0.543,0.707
Moritz,Wagner,C,24,ORL,0.317460317,15.23809524,0.508,0.326,4.6,21,15.4,1,1.2,11,22.9,0.328,0.672,0.806
Wendell,Carter Jr.,C,22,ORL,0.622311828,29.87096774,0.313,0.303,7.9,29.1,15.4,0.9,2.1,13.1,20.9,0.327,0.615,0.691
Avery,Bradley,SG,31,LAL,0.472446237,22.67741935,0.6,0.051,2.4,8,4.5,1.8,0.6,9.6,12.1,0.39,0.471,0.889
Danny,Green,SF,34,PHI,0.454637097,21.82258065,0.847,0.044,2.7,10.1,6.5,2.2,2.5,12.1,12.3,0.38,0.469,0.786
Ziaire,Williams,SF,20,MEM,0.452284946,21.70967742,0.571,0.13,2,8.2,6.3,1.2,0.8,8.4,14.9,0.314,0.632,0.782
James,Johnson,PF,34,BRK,0.400201613,19.20967742,0.277,0.179,4.8,14.6,14.5,1.2,2.6,12.7,13.7,0.271,0.545,0.527
Jordan,Nwora,SF,23,MIL,0.398185484,19.11290323,0.491,0.093,3.4,16.1,7,1,1.4,10.6,19.4,0.348,0.455,0.837
Jaylen,Nowell,SG,22,MIN,0.327620968,15.72580645,0.387,0.223,2.4,11.4,20.2,1.3,1,7.4,21,0.394,0.526,0.783
Jordan,McLaughlin,PG,25,MIN,0.303091398,14.5483871,0.425,0.2,2.6,8.8,26.1,3,1.1,14.9,11.8,0.318,0.53,0.75
Trey,Murphy III,SF,21,NOP,0.290322581,13.93548387,0.671,0.184,5.9,13.1,6.2,1.3,0.8,5.1,15.7,0.382,0.418,0.882
Kevin,Porter Jr.,PG,21,HOU,0.651297814,31.26229508,0.511,0.239,2.5,13,30.7,1.7,1,17.7,24.1,0.375,0.456,0.642
Lauri,Markkanen,PF,24,CLE,0.641393443,30.78688525,0.541,0.226,3.5,16.5,6.6,1.2,1.4,6.5,19.5,0.358,0.548,0.868
Robert,Williams,C,24,BOS,0.616120219,29.57377049,0.003,0.245,14.6,20.5,9.7,1.5,6.8,13.4,11.5,0,0.738,0.722
Gary,Harris,SG,27,ORL,0.590846995,28.36065574,0.546,0.172,2.2,5.3,9.5,1.6,0.5,9.3,16.4,0.384,0.494,0.874
Coby,White,PG,21,CHI,0.572062842,27.45901639,0.548,0.141,1.1,11,15,0.8,0.6,9.3,19.8,0.385,0.491,0.857
Austin,Reaves,SG,23,LAL,0.484289617,23.24590164,0.525,0.371,3.4,11.2,10.3,1,1.3,9.8,12.4,0.317,0.616,0.839
Aleksej,Pokusevski,PF,20,OKC,0.421106557,20.21311475,0.432,0.11,6,20.8,16.5,1.5,2.9,16.4,20,0.289,0.498,0.7
Talen,Horton-Tucker,SG,21,LAL,0.524652778,25.18333333,0.338,0.232,2.6,11.1,14.9,1.9,1.7,12.1,19.2,0.269,0.492,0.8
Caleb,Martin,SF,26,MIA,0.476388889,22.86666667,0.378,0.227,5.9,13,7,2.1,2.3,10.3,16.3,0.413,0.565,0.763
Tre,Mann,PG,20,OKC,0.474652778,22.78333333,0.463,0.139,1.9,11.2,10.7,1.7,0.8,10.2,22,0.36,0.421,0.793
Chimezie,Metu,C,24,SAC,0.444097222,21.31666667,0.414,0.203,2.9,25.9,6.9,1.9,2.2,11.1,18.5,0.306,0.555,0.78
Dwight,Howard,C,36,LAL,0.337152778,16.18333333,0.068,0.667,13.1,26.3,5,1.7,3.3,14.2,14.6,0.533,0.618,0.658
Trent,Forrest,PG,23,UTA,0.265625,12.75,0.174,0.31,3.4,10.5,18.6,1.9,0.7,21.4,12.8,0.185,0.555,0.792
De'Aaron,Fox,PG,24,SAC,0.735522599,35.30508475,0.228,0.319,1.3,10.9,26.8,1.6,1,11.9,29.1,0.297,0.524,0.75
Nicolas,Batum,PF,33,LAC,0.516242938,24.77966102,0.698,0.098,2.2,15.8,9.7,1.9,2.4,9,13.3,0.4,0.607,0.658
Maxi,Kleber,PF,30,DAL,0.51200565,24.57627119,0.72,0.184,5.4,21.5,6.5,1,3.6,10.9,13.3,0.325,0.586,0.708
Garrett,Temple,SG,35,NOP,0.387711864,18.61016949,0.627,0.139,2.9,11.8,9.2,1.9,2,11.8,13.9,0.319,0.473,0.683
Keita,Bates-Diop,SF,26,SAS,0.337570621,16.20338983,0.209,0.232,6.8,18.7,5.7,1.4,1.2,13.4,14.8,0.309,0.572,0.754
Deandre,Ayton,C,23,PHO,0.615301724,29.53448276,0.027,0.204,9.6,27.1,7.6,1.1,2.1,10.7,21.4,0.368,0.642,0.746
Patrick,Beverley,PG,33,MIN,0.530172414,25.44827586,0.555,0.305,4.4,13.2,24.5,2.2,3.4,12.9,16.1,0.343,0.485,0.722
Cameron,Payne,PG,27,PHO,0.459051724,22.03448276,0.359,0.152,2.1,12.3,30.7,1.5,1.2,14.1,24.6,0.336,0.449,0.843
Hamidou,Diallo,SG,23,DET,0.455818966,21.87931034,0.177,0.266,5.6,18.7,9.8,2.7,1.2,9,21.8,0.247,0.55,0.65
CJ,Elleby,SF,21,POR,0.421695402,20.24137931,0.409,0.273,6,15.6,10.6,1.5,1.6,14,14.8,0.294,0.462,0.714
Eric,Paschall,PF,25,UTA,0.264367816,12.68965517,0.46,0.366,4.6,10.9,7.1,0.6,0.6,9,17.7,0.37,0.583,0.767
Frank,Ntilikina,PG,23,DAL,0.246048851,11.81034483,0.498,0.112,1.9,10.9,14.7,2,0.9,11.7,17.4,0.342,0.455,0.96
Jimmy,Butler,SF,32,MIA,0.705774854,33.87719298,0.14,0.549,6.1,13.5,26.4,2.4,1.5,10.5,26.5,0.233,0.52,0.87
Ja,Morant,PG,22,MEM,0.690423977,33.14035088,0.218,0.353,4.2,14.1,34.1,1.7,1,12.6,33.7,0.344,0.534,0.761
Anfernee,Simons,SG,22,POR,0.614400585,29.49122807,0.555,0.146,1.6,8.5,22.2,0.9,0.4,11.9,24.8,0.405,0.49,0.888
Eric,Gordon,SG,33,HOU,0.61001462,29.28070175,0.534,0.239,1,6.5,14.1,0.8,1,14.6,18.6,0.412,0.548,0.778
LeBron,James,SF,37,LAL,0.775297619,37.21428571,0.367,0.275,3.3,20.4,30.6,1.7,2.5,12.5,32.3,0.359,0.62,0.756
Shai,Gilgeous-Alexander,PG,23,OKC,0.722470238,34.67857143,0.282,0.385,1.9,13,31.1,1.8,2.2,11.1,30.8,0.3,0.514,0.81
Bam,Adebayo,C,24,MIA,0.678943452,32.58928571,0.008,0.466,8.7,26.1,17.5,2.2,2.6,14.4,25,0,0.562,0.753
Jarrett,Allen,C,23,CLE,0.672991071,32.30357143,0.018,0.428,12,24.5,8.2,1.2,3.7,12.7,18.1,0.1,0.688,0.708
Jusuf,Nurkić,C,27,POR,0.587425595,28.19642857,0.093,0.447,11.2,32.6,16.6,1.9,2.1,16.6,23.6,0.268,0.563,0.69
Damian,Jones,C,26,SAC,0.378348214,18.16071429,0.109,0.492,7.9,18.5,10.2,1.2,4,15.4,16.2,0.345,0.696,0.718
Blake,Griffin,PF,32,BRK,0.35639881,17.10714286,0.463,0.243,7,18.6,15,1.4,1.3,8.2,16.9,0.262,0.565,0.724
Lou,Williams,PG,35,ATL,0.297247024,14.26785714,0.319,0.244,2.2,9.7,18.6,1.7,0.3,10.8,21.7,0.363,0.404,0.859
Svi,Mykhailiuk,SF,24,TOR,0.266369048,12.78571429,0.573,0.158,2.9,11.5,8.8,1.8,0.5,11.3,16.9,0.306,0.5,0.865
Omer,Yurtseven,C,23,MIA,0.26264881,12.60714286,0.045,0.247,13.9,33,11,1.2,3,13,19.9,0.091,0.547,0.623
Kevin,Durant,PF,33,BRK,0.775378788,37.21818182,0.269,0.367,1.6,19.6,29.1,1.1,2.3,12.9,31.2,0.383,0.568,0.91
Brandon,Ingram,SF,24,NOP,0.707954545,33.98181818,0.23,0.328,2,17.3,27.8,0.9,1.3,11.8,29.3,0.327,0.501,0.826
Buddy,Hield,SG,29,SAC,0.596212121,28.61818182,0.714,0.133,2.9,12.4,10,1.5,0.8,10.9,22.5,0.368,0.419,0.87
Chris,Duarte,SG,24,IND,0.583712121,28.01818182,0.411,0.18,2.9,13.6,10.9,1.8,0.6,11.8,21.1,0.369,0.475,0.804
Shake,Milton,PG,25,PHI,0.446590909,21.43636364,0.33,0.181,2.9,10.4,17.6,1.2,1.3,9.2,18.3,0.323,0.481,0.836
Rudy,Gay,PF,35,UTA,0.393181818,18.87272727,0.536,0.208,6,19.1,7.8,1.2,1.6,10.2,19.3,0.345,0.494,0.785
Khem,Birch,C,29,TOR,0.375378788,18.01818182,0.07,0.355,12.7,13.5,7.6,1.5,2.6,11.1,11.2,0,0.522,0.746
Jalen,McDaniels,SF,24,CHO,0.339015152,16.27272727,0.425,0.283,4.3,16,8.7,1.4,2.3,11.2,15.3,0.38,0.562,0.736
Naji,Marshall,SF,24,NOP,0.278409091,13.36363636,0.39,0.346,5.6,16,12.3,2.2,1,12.9,20.8,0.2,0.537,0.796
Isaiah,Joe,SG,22,PHI,0.230681818,11.07272727,0.763,0.175,1.1,9,8.1,1.1,0.4,9.1,15.5,0.333,0.405,0.935
Tony,Bradley,C,24,CHI,0.207954545,9.981818182,0,0.236,13.8,24.3,6.7,0.9,5.2,20,13.6,,0.585,0.655
Josh,Giddey,SG,19,OKC,0.655864198,31.48148148,0.318,0.118,5.8,19.8,32.3,1.5,1.1,19.5,22.2,0.263,0.492,0.709
John,Collins,PF,24,ATL,0.641589506,30.7962963,0.273,0.262,6.2,21.5,8.9,1,3,7.7,20.5,0.364,0.588,0.793
Marcus,Morris,PF,32,LAC,0.603395062,28.96296296,0.398,0.214,1.8,14,11.3,0.9,1,8.4,23.2,0.367,0.478,0.872
Eric,Bledsoe,PG,32,LAC,0.52507716,25.2037037,0.348,0.25,2.2,11.6,24.1,2.5,1.2,18.3,20.5,0.313,0.479,0.761
George,Hill,SG,35,MIL,0.483410494,23.2037037,0.487,0.225,3.3,9.7,12.4,1.6,0.5,11.9,11.7,0.306,0.546,0.919
Jose,Alvarado,PG,23,NOP,0.321759259,15.44444444,0.374,0.18,3.2,10.2,26.9,4.2,0.8,11.2,18.4,0.291,0.538,0.679
Jock,Landale,C,26,SAS,0.227237654,10.90740741,0.436,0.201,11.1,13.5,10.6,0.8,2,12.3,18.1,0.326,0.626,0.829
De'Andre,Hunter,SF,24,ATL,0.619889937,29.75471698,0.339,0.289,1.8,10.4,6.1,1.1,1.2,9.6,19.9,0.379,0.474,0.765
Frank,Jackson,PG,23,DET,0.45754717,21.96226415,0.578,0.215,1.7,6.7,7.6,1.1,0.7,6.7,20.9,0.308,0.529,0.827
Xavier,Tillman Sr.,PF,23,MEM,0.275550314,13.22641509,0.227,0.329,9.6,14.5,11.6,3.3,1.9,12.1,16.4,0.204,0.527,0.648
Taj,Gibson,C,36,NYK,0.37900641,18.19230769,0.229,0.313,9.8,16.3,4.9,1.2,4.2,12.5,10,0.395,0.555,0.808
Timothé,Luwawu-Cabarrot,SF,26,ATL,0.274439103,13.17307692,0.656,0.22,2.7,10.3,7.7,1.3,0.8,8.9,14.3,0.361,0.469,0.854
Moses,Moody,SG,19,GSW,0.243189103,11.67307692,0.601,0.197,3.2,11,5.3,0.6,1.6,6.1,15.2,0.364,0.548,0.778
Aaron,Nesmith,SF,22,BOS,0.229967949,11.03846154,0.632,0.143,2.9,13.6,5.4,1.7,0.8,13.8,17.2,0.27,0.612,0.808
Tyrese,Haliburton,SG,21,SAC,0.717728758,34.45098039,0.43,0.177,2.4,10,31.4,2.4,1.7,15.4,18.3,0.413,0.491,0.837
Luguentz,Dort,SF,22,OKC,0.680147059,32.64705882,0.539,0.263,2.3,10.9,8.6,1.3,1,9.8,23.3,0.332,0.487,0.843
Doug,McDermott,PF,30,SAS,0.499591503,23.98039216,0.551,0.11,1.5,8.4,7.3,0.5,0.4,8.1,18.3,0.422,0.512,0.784
Torrey,Craig,SF,31,IND,0.422385621,20.2745098,0.491,0.125,6.3,14.9,7.7,1.1,1.6,11.6,13.9,0.333,0.573,0.771
Trey,Lyles,PF,26,DET,0.404411765,19.41176471,0.38,0.458,6.2,21.2,9.5,1.1,2.4,10.5,22.3,0.301,0.55,0.784
Dean,Wade,PF,25,CLE,0.400326797,19.21568627,0.654,0.138,3.6,13.1,7.3,1.5,0.6,6.5,11.1,0.359,0.64,0.667
Théo,Maledon,PG,20,OKC,0.370915033,17.80392157,0.473,0.315,2.2,12.8,18.5,1.7,1.1,15.3,20.3,0.293,0.449,0.79
Derrick,Jones Jr.,PF,24,CHI,0.367238562,17.62745098,0.313,0.359,7.6,13.6,4.4,1.4,3.2,11.7,12.5,0.328,0.634,0.8
Brandon,Boston Jr.,SG,20,LAC,0.310457516,14.90196078,0.342,0.222,2.4,12.7,10.1,1.7,1.5,8,22.4,0.306,0.425,0.819
Rodney,McGruder,SG,30,DET,0.308006536,14.78431373,0.649,0.116,4.2,12.1,9.6,1.4,0.8,9.2,14.8,0.397,0.506,0.731
Nickeil,Alexander-Walker,SG,23,NOP,0.54875,26.34,0.483,0.153,3,11,16.1,1.5,1.4,11.2,24.8,0.311,0.434,0.722
Aaron,Wiggins,SG,23,OKC,0.50375,24.18,0.409,0.252,4.3,11,8.5,1.2,0.8,12.6,15.3,0.304,0.573,0.729
Joshua,Primo,SG,19,SAS,0.402083333,19.3,0.507,0.219,3.5,8.9,10.6,1,2,16.1,15.4,0.307,0.444,0.746
Willy,Hernangómez,C,27,NOP,0.349583333,16.78,0.037,0.431,18.5,26.3,11.9,1.2,2.2,11.6,22.5,0.333,0.527,0.773
Goga,Bitadze,C,22,IND,0.30375,14.58,0.317,0.373,11.9,15.3,11.2,1.4,5,13.6,19.9,0.288,0.628,0.681
Elfrid,Payton,PG,27,PHO,0.22875,10.98,0.103,0.183,4.2,12.8,23,2.2,1,19.9,18.5,0.222,0.401,0.375
Dylan,Windler,SF,25,CLE,0.19125,9.18,0.714,0.184,5.2,16,10,1.5,0.6,13.1,11.8,0.3,0.571,0.833
Nick,Richards,C,24,CHO,0.152916667,7.34,0,0.478,9.7,15.2,4.9,1.2,5.4,18.1,15.4,,0.667,0.698
Gordon,Hayward,SF,31,CHO,0.664965986,31.91836735,0.357,0.241,2.5,12.8,16.1,1.4,1.3,10.6,20.7,0.391,0.496,0.846
Derrick,White,SG,27,SAS,0.631802721,30.32653061,0.453,0.281,1.8,10.5,25.2,1.6,2.4,12,20.7,0.314,0.519,0.869
Dennis,Schröder,SG,28,BOS,0.609268707,29.24489796,0.329,0.248,2.2,10,22,1.4,0.3,13.8,23.1,0.349,0.485,0.848
Justin,Holiday,SF,32,IND,0.602040816,28.89795918,0.734,0.09,1.4,9.4,8.8,1.2,1.1,9.3,15.9,0.378,0.516,0.829
Jeremiah,Robinson-Earl,C,21,OKC,0.462159864,22.18367347,0.509,0.167,7,19.1,6.7,1.3,1.3,10.1,15.4,0.352,0.478,0.741
Kenrich,Williams,SF,27,OKC,0.455782313,21.87755102,0.382,0.174,7.1,14.1,15.3,2,0.9,11.9,15.6,0.339,0.536,0.545
Wesley,Matthews,SG,35,MIL,0.426020408,20.44897959,0.714,0.127,3.2,6.4,4.6,1.1,0.8,7.2,10.7,0.338,0.54,0.786
Andre,Drummond,C,28,PHI,0.383503401,18.40816327,0.008,0.345,17.1,36.1,16,3.1,4.5,22.4,17.6,0,0.542,0.512
Sterling,Brown,SG,26,DAL,0.267006803,12.81632653,0.594,0.097,4.6,21.8,7.5,1.1,1,12.5,13.2,0.304,0.492,0.933
Drew,Eubanks,C,24,SAS,0.25297619,12.14285714,0.05,0.497,11.2,23.4,11.1,1,4.2,19.2,17,0.125,0.55,0.747
Josh,Okogie,SG,23,MIN,0.219387755,10.53061224,0.452,0.49,5.9,8.7,6.2,2.4,2.2,15.4,12.1,0.298,0.491,0.686
OG,Anunoby,SF,24,TOR,0.75,36,0.455,0.169,4.4,12.6,11,2.1,1.4,9.7,20.5,0.363,0.511,0.754
Robert,Covington,PF,31,POR,0.62109375,29.8125,0.685,0.107,3,18.6,6.7,2.5,4.3,14.2,12.4,0.343,0.462,0.833
Jalen,Suggs,PG,20,ORL,0.567274306,27.22916667,0.358,0.297,2.1,11.7,24.9,2.2,1.3,18.7,25.3,0.214,0.443,0.773
Stanley,Johnson,PF,25,LAL,0.474826389,22.79166667,0.418,0.295,3.4,11.9,9.8,1.9,1.1,11,12.5,0.314,0.575,0.716
Onyeka,Okongwu,C,21,ATL,0.430555556,20.66666667,0,0.487,12.8,18.4,7.6,1.5,5.4,13.8,14,,0.69,0.727
Kessler,Edwards,SF,21,BRK,0.428385417,20.5625,0.509,0.071,5,13.8,4.1,1.4,2.2,13.2,13.8,0.353,0.473,0.842
Duane,Washington Jr.,PG,21,IND,0.420138889,20.16666667,0.504,0.143,0.5,9.3,13,1.3,0.3,11.2,22.6,0.377,0.434,0.754
DeAndre',Bembry,SF,27,BRK,0.411892361,19.77083333,0.169,0.164,4.5,12.8,8.5,2.4,2.4,11.6,11.7,0.417,0.599,0.6
Trendon,Watford,SF,21,POR,0.377170139,18.10416667,0.142,0.352,7,18.6,14.6,1.4,3.2,12.5,17.6,0.237,0.581,0.755
Ty,Jerome,SG,24,OKC,0.34765625,16.6875,0.567,0.143,2.4,7.7,21.3,1.8,0.6,9.6,20.8,0.29,0.493,0.809
Davon,Reed,SG,26,DEN,0.289930556,13.91666667,0.534,0.093,2.4,15.2,10.7,1.8,1.2,8.7,12.1,0.43,0.587,0.667
Greg,Brown III,SF,20,POR,0.277777778,13.33333333,0.321,0.342,6.3,17.3,8.1,2,3.7,14.1,17.2,0.311,0.481,0.677
Thanasis,Antetokounmpo,SF,29,MIL,0.205295139,9.854166667,0.109,0.359,9.2,13.4,6.5,1.6,2.4,14.9,15.7,0.143,0.596,0.63
Domantas,Sabonis,C,25,IND,0.723404255,34.72340426,0.189,0.452,10.4,28.6,22.2,1.4,1.2,17.3,21.7,0.324,0.639,0.74
Jerami,Grant,PF,27,DET,0.664893617,31.91489362,0.363,0.371,1.9,12.4,12.5,1.4,2.9,9.5,25.7,0.358,0.465,0.838
LaMarcus,Aldridge,C,36,BRK,0.465425532,22.34042553,0.1,0.223,7.8,18.7,6.3,0.6,4,8,22.4,0.304,0.578,0.873
Nic,Claxton,C,22,BRK,0.431737589,20.72340426,0,0.352,10.4,18.9,6.4,1.2,4.7,11.1,15.1,,0.674,0.581
Maurice,Harkless,SF,28,SAC,0.382535461,18.36170213,0.558,0.155,1.5,12.7,3.6,1.6,2.4,13.8,11.2,0.307,0.65,0.714
Draymond,Green,PF,31,GSW,0.601902174,28.89130435,0.21,0.354,3.8,23.2,32.5,2.2,3.6,31.9,14.3,0.296,0.586,0.659
Montrezl,Harrell,C,28,WAS,0.505887681,24.2826087,0.039,0.535,9.7,20.8,13.9,0.8,2.4,9.6,20.8,0.267,0.66,0.727
Quentin,Grimes,SG,21,NYK,0.355978261,17.08695652,0.804,0.081,3.2,9.8,8.5,2,1.4,10.3,15.1,0.381,0.5,0.684
David,Nwaba,SF,29,HOU,0.275815217,13.23913043,0.278,0.381,7.4,20,8.5,2.2,2.9,9.3,15.8,0.306,0.551,0.716
Jevon,Carter,PG,26,BRK,0.25,12,0.73,0.057,1.8,11.2,10.9,1.2,1.6,12.7,15.9,0.331,0.34,0.7
Seth,Curry,SG,31,PHI,0.725,34.8,0.473,0.138,1.2,9.4,17.7,1.1,0.6,13,18.5,0.4,0.561,0.877
Joe,Ingles,SF,34,UTA,0.519444444,24.93333333,0.789,0.077,1.2,11.2,19,1,0.4,13.5,13.2,0.347,0.617,0.773
Richaun,Holmes,C,28,SAC,0.497222222,23.86666667,0.017,0.3,9.3,22.9,6.8,0.8,3.3,14.2,15.8,0.4,0.664,0.778
Isaiah,Roby,PF,23,OKC,0.438888889,21.06666667,0.307,0.359,8,15.6,12.1,1.8,3.3,10.3,19,0.444,0.545,0.672
Ish,Wainright,PF,27,PHO,0.166203704,7.977777778,0.567,0.115,8.3,7.9,5.3,2.7,1.5,10.6,14.7,0.322,0.489,0.583
James,Harden,PG,32,BRK,0.770359848,36.97727273,0.435,0.496,2.9,20.2,39.7,1.7,1.7,19.8,28.3,0.332,0.476,0.869
Spencer,Dinwiddie,PG,28,WAS,0.629734848,30.22727273,0.459,0.291,3,14,27.5,1,0.4,11.6,21,0.31,0.432,0.811
Josh,Richardson,SG,28,BOS,0.51467803,24.70454545,0.455,0.207,2.7,9.6,8.7,1.6,1.9,9.4,16.7,0.397,0.481,0.859
Romeo,Langford,SG,22,BOS,0.34469697,16.54545455,0.451,0.185,4.6,10.7,3.6,1.4,2,7.4,13,0.349,0.495,0.588
Malachi,Flynn,PG,23,TOR,0.254261364,12.20454545,0.492,0.131,1.9,11.3,18.5,1.9,0.7,6.3,16.5,0.333,0.452,0.625
Anthony,Gill,PF,29,WAS,0.219223485,10.52272727,0.239,0.477,8,12.2,8.3,0.5,2,12,14.4,0.538,0.578,0.808
Gorgui,Dieng,C,32,ATL,0.175662879,8.431818182,0.607,0.232,9.5,26.1,12.7,1.5,3.1,13.9,16.9,0.426,0.545,0.731
Wayne,Ellington,SG,34,LAL,0.39244186,18.8372093,0.89,0.046,1.3,8.9,5,1.4,0.5,7.3,13.8,0.389,0.615,0.818
Mike,Muscala,C,30,OKC,0.286821705,13.76744186,0.657,0.23,3.6,19.1,6.2,1.5,4.1,4.9,20.9,0.429,0.506,0.842
Tim,Hardaway Jr.,SG,29,DAL,0.617559524,29.64285714,0.574,0.194,1.2,12.8,11.4,1.5,0.4,5.6,22,0.336,0.473,0.757
Myles,Turner,C,25,IND,0.612599206,29.4047619,0.466,0.267,5.8,21.3,5.1,1.1,8.3,10.9,17.1,0.333,0.662,0.752
Nassir,Little,SF,21,POR,0.53968254,25.9047619,0.489,0.298,5.7,18.7,7.4,1.1,3.3,10.1,15.8,0.331,0.584,0.734
Rui,Hachimura,PF,23,WAS,0.467757937,22.45238095,0.323,0.173,3,15.6,7.9,1.2,0.8,7.4,20.9,0.447,0.512,0.697
Ignas,Brazdeikis,SF,23,ORL,0.265873016,12.76190476,0.463,0.17,4.5,9.7,10.7,0.9,0.5,7.8,17.7,0.31,0.535,0.656
Trey,Burke,PG,29,DAL,0.21875,10.5,0.381,0.107,1,7.3,20.7,1.4,0,10.4,25.6,0.317,0.436,0.87
Jared,Butler,SG,21,UTA,0.178571429,8.571428571,0.583,0.106,1.6,11.8,26,2.3,2,17.3,23.1,0.318,0.524,0.688
Josh,Hart,SG,26,NOP,0.698170732,33.51219512,0.337,0.399,4.2,21.9,17.7,1.6,0.8,15.1,16.7,0.323,0.598,0.753
Alex,Caruso,SG,27,CHI,0.582825203,27.97560976,0.492,0.285,3.3,11.2,18.5,3,1.1,16.5,13.3,0.333,0.462,0.795
Zeke,Nnaji,PF,21,DEN,0.354674797,17.02439024,0.43,0.349,9.3,14.1,3.4,1.1,1.7,9.7,14.9,0.463,0.557,0.631
Armoni,Brooks,SG,23,HOU,0.350609756,16.82926829,0.849,0.076,1.9,11.1,10.3,1.4,1,8.1,17.4,0.3,0.605,0.842
Aaron,Holiday,PG,25,WAS,0.336890244,16.17073171,0.313,0.164,1.5,9.5,17.1,1.8,1.2,14.5,18,0.343,0.524,0.8
Jericho,Sims,PF,23,NYK,0.282012195,13.53658537,0,0.537,11.6,21.3,5.3,1,3.9,23.1,6.9,,0.722,0.414
Sandro,Mamukelashvili,PF,22,MIL,0.206808943,9.926829268,0.452,0.191,9.3,12,7.4,1.1,2.1,10.7,14.6,0.423,0.556,0.818
Bradley,Beal,SG,28,WAS,0.749479167,35.975,0.272,0.263,3,11.4,30.8,1.2,0.9,13.6,30.8,0.3,0.508,0.833
Anthony,Davis,C,28,LAL,0.73125,35.1,0.101,0.351,8.1,22,14.7,1.7,5.7,9.3,27.1,0.186,0.571,0.713
Norman,Powell,SF,28,POR,0.694270833,33.325,0.423,0.365,1.4,9.8,10,1.5,1.3,9,22.5,0.406,0.492,0.803
Kelly,Olynyk,C,30,DET,0.397916667,19.1,0.416,0.311,7.3,18.3,23.3,2,2.2,15.1,21.5,0.336,0.527,0.775
Lance,Stephenson,SG,31,IND,0.3875,18.6,0.281,0.252,1.6,15.4,31.2,1.6,0.5,16.5,23.7,0.31,0.516,0.795
Bryn,Forbes,SG,28,SAS,0.352083333,16.9,0.51,0.166,0.6,9.2,8.6,1.2,0.4,9.4,21.9,0.417,0.448,0.898
Matt,Thomas,SG,27,CHI,0.2390625,11.475,0.679,0.149,0.7,11.5,5.8,0.9,0.6,5.3,14.5,0.385,0.465,0.8
Miles,McBride,PG,21,NYK,0.19375,9.3,0.63,0.111,1.1,11.2,15.9,1.9,0.3,4.2,13.9,0.25,0.375,0.667
Caris,LeVert,SG,27,IND,0.648504274,31.12820513,0.304,0.235,2.7,11.2,22.8,1.4,1.3,9.9,26.8,0.323,0.501,0.76
Josh,Jackson,SF,24,DET,0.37767094,18.12820513,0.45,0.223,2.5,17.1,10.7,1.4,2.3,12.1,19,0.265,0.529,0.714
Derrick,Favors,C,30,OKC,0.348824786,16.74358974,0.088,0.137,9,20.2,5.9,1.3,1.7,4.5,13.4,0.125,0.554,0.64
Alex,Len,C,28,SAC,0.331196581,15.8974359,0.119,0.358,9,19.3,10.6,1,3.5,17.4,17.1,0.286,0.568,0.651
Jeremy,Lamb,SF,29,IND,0.327457265,15.71794872,0.513,0.351,2.7,14.6,11.6,1.8,2,8.4,20,0.333,0.414,0.838
Rodney,Hood,SF,29,MIL,0.310363248,14.8974359,0.611,0.107,2.4,9.7,6.5,1,0.7,4.9,10.6,0.3,0.431,0.929
Kent,Bazemore,SF,32,LAL,0.291132479,13.97435897,0.576,0.122,2.6,11,8.1,2.2,1.5,12.5,13.2,0.363,0.271,0.765
Tony,Snell,SG,30,POR,0.299342105,14.36842105,0.773,0.031,2.1,12.7,5,0.7,1.3,10.1,8.7,0.32,0.545,1
Admiral,Schofield,SF,24,ORL,0.257127193,12.34210526,0.612,0.116,3.8,16.3,7.9,0.4,1,13.4,14.5,0.329,0.56,0.8
Yuta,Watanabe,SF,27,TOR,0.243969298,11.71052632,0.572,0.29,4.2,19,6.6,1.2,3.5,10.9,16.8,0.342,0.492,0.6
Gary,Clark,PF,27,NOP,0.207236842,9.947368421,0.795,0.114,6.6,20.1,6.4,1.7,1.8,9.8,11.6,0.4,0.278,0.7
Paul,Reed,C,22,PHI,0.165570175,7.947368421,0.083,0.146,16.6,17.4,8.3,5.5,4.2,8.9,16.7,0.25,0.591,0.429
Kemba,Walker,PG,31,NYK,0.533783784,25.62162162,0.538,0.192,1.6,11.2,22.2,1.4,0.7,10.7,20.8,0.367,0.444,0.845
Larry,Nance Jr.,PF,29,POR,0.483108108,23.18918919,0.313,0.247,7.2,20.1,12.5,2.2,1.5,11,12.4,0.306,0.61,0.653
Dennis,Smith Jr.,PG,24,POR,0.359234234,17.24324324,0.143,0.339,3.3,12.2,30.5,3.4,1.9,19,18.2,0.222,0.451,0.656
Saben,Lee,PG,22,DET,0.34009009,16.32432432,0.339,0.401,3.1,13,26.2,2.9,1.8,14.7,17.3,0.233,0.47,0.789
Ish,Smith,PG,33,CHO,0.287725225,13.81081081,0.135,0.103,2.2,9.7,25.9,1.9,1.8,15.7,19.1,0.4,0.394,0.632
Justise,Winslow,SF,25,LAC,0.269707207,12.94594595,0.206,0.291,6.8,22.1,15.5,2.1,3.2,18.9,18,0.172,0.518,0.61
Jarrett,Culver,SG,22,MEM,0.190315315,9.135135135,0.348,0.252,3.9,11.1,13,2.8,1.3,11.8,20.6,0.255,0.443,0.471
Nathan,Knight,PF,24,MIN,0.150337838,7.216216216,0.148,0.682,12.5,21.8,11.9,1.2,2.9,13.6,20.7,0.308,0.547,0.733
CJ,McCollum,SG,30,POR,0.733217593,35.19444444,0.435,0.102,2.8,10.7,22.5,1.4,1.6,9.2,26.1,0.384,0.476,0.706
Malcolm,Brogdon,PG,29,IND,0.697916667,33.5,0.343,0.308,3,14.3,26.9,1.2,1,11.1,24.6,0.312,0.518,0.856
Robin,Lopez,C,33,ORL,0.354166667,17,0.03,0.271,11.7,10,14.4,0.2,2.7,16.5,18.9,0.333,0.56,0.593
Isaiah,Jackson,PF,20,IND,0.313078704,15.02777778,0.078,0.427,12.2,18.7,2.9,2.3,8.4,14,22.5,0.313,0.584,0.682
Bismack,Biyombo,C,29,PHO,0.292824074,14.05555556,0,0.49,13.7,21.5,6.2,1.1,4.6,12.4,17.1,,0.593,0.535
Brandon,Goodwin,PG,26,CLE,0.290509259,13.94444444,0.357,0.247,3.1,11.4,26,2.5,0.2,17.4,18.2,0.345,0.455,0.632
Killian,Tillie,C,23,MEM,0.266782407,12.80555556,0.677,0.063,4.7,9.1,5.9,2.4,2.9,9.1,12.8,0.314,0.39,0.625
Justin,Champagnie,SF,20,TOR,0.162615741,7.805555556,0.418,0.134,13.5,14.3,5.4,1.4,1.4,10.1,12,0.357,0.538,1
Lonzo,Ball,PG,24,CHI,0.721428571,34.62857143,0.679,0.073,3.3,14.3,20,2.6,2.2,17.2,17.4,0.423,0.423,0.75
Serge,Ibaka,C,32,LAC,0.320238095,15.37142857,0.323,0.151,8.1,21,10.2,0.6,4.1,13.9,19.4,0.387,0.538,0.69
Enes,Freedom,C,29,BOS,0.244642857,11.74285714,0.052,0.289,16.5,25.4,2.7,0.6,3.1,15.5,13.9,0.4,0.533,0.857
Leandro,Bolmaro,SF,21,MIN,0.143452381,6.885714286,0.333,0.241,6.9,12.3,11,1.2,0,17.9,12.6,0.278,0.333,0.846
Kristaps,Porziņģis,PF,26,DAL,0.613970588,29.47058824,0.341,0.335,7.1,21.9,11.7,1.3,5.3,8.3,28.6,0.283,0.537,0.865
Ricky,Rubio,PG,31,CLE,0.594362745,28.52941176,0.423,0.251,1.7,14.1,34.6,2.5,0.6,16.5,24.9,0.339,0.38,0.854
Cam,Reddish,SF,22,ATL,0.488357843,23.44117647,0.446,0.233,2.8,8.7,6.9,2.2,1.2,10.4,23.2,0.379,0.421,0.9
D.J.,Augustin,PG,34,HOU,0.3125,15,0.706,0.279,1.5,7.4,20.5,0.9,0,22.8,16.4,0.406,0.4,0.868
Dāvis,Bertāns,PF,29,WAS,0.306985294,14.73529412,0.842,0.175,1.3,12,4.4,1.1,1,7.1,17.6,0.319,0.519,0.933
Chris,Chiozza,PG,26,GSW,0.227941176,10.94117647,0.654,0.037,2.7,7.7,22.5,1.7,0,28,13.4,0.321,0.25,0.667
Marquese,Chriss,PF,24,DAL,0.212009804,10.17647059,0.187,0.246,10.6,22.5,7.7,1.9,3.1,10.3,21.5,0.32,0.495,0.667
Jake,Layman,SF,27,MIN,0.141544118,6.794117647,0.479,0.247,2.7,14.3,5.3,1.4,2.1,11,16.4,0.229,0.579,0.722
Terry,Taylor,SG,22,IND,0.450757576,21.63636364,0.173,0.232,14.6,12.2,8.6,1,1,8.7,15.9,0.316,0.676,0.706
JT,Thor,PF,19,CHO,0.16540404,7.939393939,0.491,0.364,4.4,13.1,9.2,1.5,4,13.6,12,0.259,0.607,0.6
Klay,Thompson,SG,31,GSW,0.612630208,29.40625,0.517,0.089,1.8,12.4,16.1,0.8,1.7,6.7,29.6,0.385,0.477,0.902
Dillon,Brooks,SF,26,MEM,0.576171875,27.65625,0.283,0.202,3.4,8.8,15.4,1.9,0.8,8,28.8,0.309,0.48,0.849
Keifer,Sykes,PG,28,IND,0.368489583,17.6875,0.474,0.089,1.5,7.4,14.9,1,0.6,14.3,17.4,0.3,0.42,0.882
Tomáš,Satoranský,SG,30,NOP,0.313151042,15.03125,0.29,0.234,4.1,10.8,20.6,1.4,0.2,16.3,12.6,0.161,0.355,0.76
DeAndre,Jordan,C,33,LAL,0.265625,12.75,0,0.292,13.5,31.8,4.5,1.2,5.7,17.3,12.8,,0.674,0.462
Day'Ron,Sharpe,PF,20,BRK,0.254557292,12.21875,0.047,0.275,23.2,21.4,6.7,1.2,3.4,15.2,21.7,0.286,0.592,0.585
Luka,Garza,C,23,DET,0.253255208,12.15625,0.333,0.415,15.3,12.3,8.3,1.1,1.4,9.4,21.1,0.327,0.51,0.623
Santi,Aldama,PF,21,MEM,0.234375,11.25,0.364,0.242,9.4,16.1,7.7,0.8,2.5,9.9,18.4,0.125,0.56,0.625
Paul,George,SF,31,LAC,0.723790323,34.74193548,0.404,0.233,1.2,19.2,28.1,3,1,15.2,33.7,0.354,0.467,0.858
Andre,Iguodala,SF,38,GSW,0.405241935,19.4516129,0.612,0.165,3.9,13.9,24.7,2.2,3.5,17.7,11.4,0.23,0.617,0.75
DeMarcus,Cousins,C,31,DEN,0.289650538,13.90322581,0.359,0.422,13.4,30.6,19.1,2.2,2.7,22,31.9,0.324,0.53,0.736
Keljin,Blevins,SF,26,POR,0.234543011,11.25806452,0.649,0.099,4.9,9.5,7.7,1.8,0.3,12.8,16.5,0.292,0.333,0.545
James,Bouknight,SG,21,CHO,0.204301075,9.806451613,0.348,0.22,7.6,10.6,11.9,1.1,0.3,8.8,23.7,0.347,0.348,0.871
Ed,Davis,C,32,CLE,0.135080645,6.483870968,0,0.875,7.9,26.9,4.5,0.7,4,18.4,6,,0.688,0.429
Markus,Howard,SG,22,DEN,0.11827957,5.677419355,0.693,0.228,1.3,6.1,6.2,2.5,0,5.9,29.4,0.4,0.355,0.87
Vit,Krejci,SG,21,OKC,0.479166667,23,0.587,0.132,2.6,12.6,11.9,1.3,1.1,14.1,12.9,0.327,0.522,0.864
Marvin,Bagley III,PF,22,SAC,0.455555556,21.86666667,0.252,0.191,11,24.8,3.9,0.7,1.5,7.3,18.8,0.242,0.538,0.745
Terence,Davis,SG,24,SAC,0.372222222,17.86666667,0.558,0.165,2.2,17,11.9,2.2,1.8,10.3,25.6,0.329,0.542,0.818
Tristan,Thompson,PF,30,SAC,0.315972222,15.16666667,0.007,0.397,17.1,21.5,5.9,1.2,2.3,14.1,19.5,1,0.5,0.533
Kyrie,Irving,PG,29,BRK,0.783764368,37.62068966,0.388,0.209,1.6,10.8,25.2,1.8,1.4,9.8,29.4,0.418,0.501,0.915
Damian,Lillard,PG,31,POR,0.75862069,36.4137931,0.514,0.328,1.3,11.6,34,0.8,1,11.6,29.3,0.324,0.485,0.878
Jalen,Smith,PF,21,PHO,0.274425287,13.17241379,0.285,0.38,15.9,23,2.1,0.8,4.2,12.1,20.5,0.231,0.551,0.769
Joe,Wieskamp,SG,22,SAS,0.147270115,7.068965517,0.768,0.232,2,5.2,5.5,0.9,1.2,3.1,13.1,0.326,0.462,0.538
Zach,Collins,PF,24,SAS,0.373511905,17.92857143,0.265,0.419,9.5,22.5,16.3,1.2,3.8,19.7,19.2,0.341,0.544,0.8
Skylar,Mays,SG,24,ATL,0.163690476,7.857142857,0.391,0.141,2.5,9.9,10.8,1.6,0,12.8,15.5,0.32,0.615,0.889
T.J.,McConnell,PG,29,IND,0.50308642,24.14814815,0.159,0.111,3.4,12.2,28.7,2.2,1.3,11.7,16.2,0.303,0.514,0.826
Kelan,Martin,SF,26,IND,0.342592593,16.44444444,0.44,0.077,4,9.5,6.8,1.4,1.8,7.5,18.1,0.297,0.511,0.692
Thomas,Bryant,C,24,WAS,0.338734568,16.25925926,0.284,0.27,6.7,20.4,7.9,0.7,4.1,10.3,18.7,0.286,0.613,0.875
Cody,Zeller,C,29,POR,0.273919753,13.14814815,0.044,0.544,14.9,24.1,9.4,1.1,1.7,14.6,15.9,0,0.593,0.776
Derrick,Rose,PG,33,NYK,0.509615385,24.46153846,0.336,0.113,3.5,9.8,27.5,1.7,1.9,11.9,22.5,0.402,0.467,0.968
Daniel,Theis,C,29,HOU,0.467948718,22.46153846,0.441,0.223,6,18.5,5.1,0.9,2.6,13.6,16.5,0.291,0.61,0.675
Thaddeus,Young,PF,33,SAS,0.296474359,14.23076923,0.039,0.172,11.3,15.1,22.9,3,1.6,17.9,19.1,0,0.602,0.455
Moses,Brown,C,22,DAL,0.135416667,6.5,0,0.86,10.5,29.6,0.9,0.9,4.8,16.9,22.1,,0.54,0.628
Sam,Hauser,SF,24,BOS,0.126602564,6.076923077,0.88,0,3.5,16,9.1,0.3,1.2,3.8,14.5,0.432,0.667,
Donte,DiVincenzo,SG,25,SAC,0.554166667,26.6,0.661,0.257,3.6,14.5,18.6,2.7,0.7,15.4,18.5,0.368,0.351,0.839
Nerlens,Noel,C,27,NYK,0.468333333,22.48,0.05,0.5,9,18.1,5.7,2.7,5.4,21.5,7.3,0,0.561,0.7
Danuel,House Jr.,SF,28,UTA,0.409166667,19.64,0.667,0.317,3.2,11.7,7,1.6,2.2,9.7,13.8,0.415,0.512,0.692
Lindy,Waters III,SG,24,OKC,0.3875,18.6,0.834,0.029,1.3,15,8.1,2,1.6,5.8,17.5,0.363,0.621,0.8
Brandon,Williams,PG,22,POR,0.555555556,26.66666667,0.376,0.344,3.1,9.8,23.1,1.8,1.5,15.2,25.9,0.292,0.42,0.701
Trevor,Ariza,SF,36,LAL,0.401041667,19.25,0.747,0.182,2.3,16.7,7.5,1.3,1.2,9.3,11,0.27,0.52,0.556
Kira,Lewis Jr.,PG,20,NOP,0.296006944,14.20833333,0.397,0.082,2.9,10,21.7,1.6,0.3,14.7,22.3,0.224,0.523,0.833
Paul,Millsap,PF,36,BRK,0.234375,11.25,0.318,0.2,12,23.6,11.8,0.9,3.6,10.6,16.5,0.222,0.448,0.706
Daishen,Nix,SG,19,HOU,0.2265625,10.875,0.388,0.448,2.9,11,21.5,2.7,0,24.5,17.3,0.269,0.488,0.533
Usman,Garuba,PF,19,HOU,0.207465278,9.958333333,0.455,0.159,9.6,28.7,9.6,2,4.1,11.3,9.4,0.25,0.583,0.714
Kevin,Pangos,PG,29,CLE,0.144097222,6.916666667,0.565,0.087,1.4,5.9,24.6,0.9,0,12.8,14.6,0.231,0.45,0.75
Charles,Bassey,PF,21,PHI,0.152173913,7.304347826,0.085,0.255,14.9,26.1,6.5,1.5,9.1,13.3,16.1,0,0.698,0.75
Boban,Marjanović,C,33,DAL,0.115942029,5.565217391,0.057,0.314,6.9,27,4.8,0,2.1,15.8,33.3,0.25,0.621,0.591
Keon,Johnson,SG,19,POR,0.53219697,25.54545455,0.403,0.136,3.4,8.5,17,1.8,1.8,14.3,21.1,0.348,0.364,0.833
Olivier,Sarr,C,22,OKC,0.398674242,19.13636364,0.287,0.287,8.2,14.6,6.9,0.7,3.3,16.2,13.9,0.448,0.625,0.828
David,Duke Jr.,PG,22,BRK,0.322916667,15.5,0.343,0.194,9.8,11.5,6.6,2,1.8,7.1,15.9,0.243,0.423,0.81
Elijah,Hughes,SG,23,POR,0.304924242,14.63636364,0.62,0.056,1.3,13.1,7.1,1.5,2.1,8.3,16.2,0.224,0.415,0.667
Brad,Wanamaker,PG,32,IND,0.277462121,13.31818182,0.236,0.306,2.2,11.2,21.4,0.8,1.8,22,15.3,0.235,0.4,0.909
Denzel,Valentine,SG,28,CLE,0.193181818,9.272727273,0.71,0,5,15.4,7.6,1.7,0,13.9,15.6,0.409,0.278,
Jalen,Johnson,PF,20,ATL,0.113636364,5.454545455,0.317,0.171,1.8,21.8,3.7,1.2,1.5,17,19.3,0.231,0.679,0.714
Rajon,Rondo,PG,35,CLE,0.404761905,19.42857143,0.552,0.229,1.4,14.3,35.3,2.2,0.2,22.7,16.2,0.397,0.468,0.75
KZ,Okpala,PF,22,MIA,0.242063492,11.61904762,0.377,0.159,5.2,13.7,8.3,0.8,3,6.3,14.4,0.346,0.488,0.727
Kai,Jones,C,21,CHO,0.0625,3,0.143,0.571,5,13.7,8.6,0.8,3,25.5,15.9,0.5,0.667,0.375
Semi,Ojeleye,PF,27,MIL,0.320833333,15.4,0.586,0.186,8.8,11.1,2,0.8,1.6,6.2,11.2,0.268,0.241,0.769
Tyler,Cook,PF,24,CHI,0.208333333,10,0,0.842,9.1,20.7,2,1,1.7,11.8,13,,0.605,0.656
Bruno,Fernando,C,23,BOS,0.060416667,2.9,0.071,0.357,13.4,14.6,9.6,0,4.7,23.6,16.1,1,0.462,0.8
Isaiah,Livers,SF,23,DET,0.41995614,20.15789474,0.711,0.156,4,12.5,8,1.7,1.6,13.5,12.4,0.422,0.538,0.857
Wenyen,Gabriel,PF,24,LAL,0.341008772,16.36842105,0.237,0.392,11.8,16.5,5.5,0.6,2.6,10.3,17.5,0.261,0.581,0.605
Lindell,Wigginton,PG,23,MIL,0.218201754,10.47368421,0.426,0.574,1.6,11.5,15.7,1.2,0.5,13.6,19,0.346,0.486,0.543
Kyle,Guy,SG,24,MIA,0.203947368,9.789473684,0.615,0.185,2.5,7.8,13.5,1.9,0.6,15.6,19.9,0.35,0.48,0.667
Haywood,Highsmith,SF,25,MIA,0.17872807,8.578947368,0.609,0.109,7.1,10.9,5.1,0.6,1.9,5.9,14,0.321,0.389,0.4
Charlie,Brown Jr.,SG,24,PHI,0.177631579,8.526315789,0.265,0.294,9.8,11.5,4.1,2.5,1.7,11.5,12,0.111,0.32,0.9
Theo,Pinson,SF,26,DAL,0.162280702,7.789473684,0.769,0.256,1.5,14.3,15.9,1.7,1.2,10.3,14.7,0.333,0.444,1
Jahmi'us,Ramsey,SG,20,SAC,0.146929825,7.052631579,0.31,0.241,3.2,7.4,7.9,0.4,0.6,7.2,22.2,0.278,0.475,0.5
Markelle,Fultz,PG,23,ORL,0.416666667,20,0.097,0.177,1.2,13.2,48.9,2.7,1.3,17.5,27.5,0.235,0.5,0.806
PJ,Dozier,SG,25,DEN,0.393518519,18.88888889,0.485,0.131,4.8,15.6,11.3,1.6,1.6,11,15.2,0.313,0.412,0.769
Willie,Cauley-Stein,C,28,DAL,0.204861111,9.833333333,0.057,0.057,8.2,15.7,7,1.7,1.5,16.3,10.9,0.5,0.455,0.5
Jay,Scrubb,SG,21,LAC,0.140046296,6.722222222,0.457,0.217,1.8,11.9,9.7,1.6,2.1,12.2,20.8,0.286,0.48,0.7
Juancho,Hernangómez,PF,26,BOS,0.111111111,5.333333333,0.667,0.333,10.4,17.6,4,2.1,1.9,16.2,17,0.167,0.222,0.667
Patrick,Williams,PF,20,CHI,0.517156863,24.82352941,0.284,0.402,4.6,13.8,4.8,1,1.8,11.8,14.2,0.517,0.534,0.732
Markieff,Morris,PF,32,MIA,0.365196078,17.52941176,0.342,0.079,6.6,10.5,12.1,1,0.4,14.5,20.6,0.333,0.547,0.889
Isaiah,Thomas,PG,32,CHO,0.268382353,12.88235294,0.483,0.125,1.4,8.8,17,1.5,1.3,7.3,26.5,0.397,0.468,0.933
Alfonzo,McKinnie,SF,29,CHI,0.25245098,12.11764706,0.443,0.131,7.1,10.9,3.2,0.5,1.3,9.8,15.3,0.333,0.441,0.25
Justin,Robinson,PG,24,MIL,0.242647059,11.64705882,0.649,0.035,1.1,5.8,13.7,1.9,0,16,14.8,0.27,0.4,1
Udoka,Azubuike,C,22,UTA,0.238970588,11.47058824,0,0.224,10.5,28.8,0,0.3,5,18.2,14.7,,0.755,0.545
Kevin,Knox,SF,22,ATL,0.136029412,6.529411765,0.578,0.267,5.9,15.7,8.8,0.9,0.8,3.8,20.6,0.192,0.579,0.75
Goran,Dragić,PG,35,BRK,0.53125,25.5,0.419,0.197,3,10.4,24.7,1.7,0.7,20.6,16.9,0.245,0.471,0.739
Malcolm,Hill,SF,26,CHI,0.216145833,10.375,0.705,0.227,6.1,13.5,5.6,0.9,1,5.8,13.6,0.323,0.692,0.7
Alize,Johnson,PF,25,CHI,0.157552083,7.5625,0.087,0.304,15,18.5,8.6,1.2,0,23.5,12.4,0,0.571,0.571
Miye,Oni,SG,24,UTA,0.057291667,2.75,0.889,0.111,2.6,14.4,14.2,0,0,9.6,10.3,0.125,1,0
Mychal,Mulder,PG,27,ORL,0.270833333,13,0.687,0.03,1.1,10.3,2.2,1,0.5,10.5,16.8,0.283,0.333,1
Vlatko,Čančar,PF,24,DEN,0.244444444,11.73333333,0.293,0.341,5.2,14.1,13.2,0.6,1.5,16,14,0.583,0.552,0.643
Devontae,Cacok,PF,25,SAS,0.168055556,8.066666667,0,0.226,6.9,29.7,6.9,3.2,4.9,8.1,12.9,,0.677,0.571
Isaac,Bonga,SF,22,TOR,0.095833333,4.6,0.308,0.615,6,5,7.3,5.8,2.8,10.8,11.5,0.25,0.222,0.625
Joe,Harris,SF,30,BRK,0.629464286,30.21428571,0.71,0.048,1.3,12.8,4.5,0.8,0.4,11.2,14.5,0.466,0.417,0.833
Kris,Dunn,PG,27,POR,0.5,24,0.108,0.176,2.8,13.6,35.1,3.3,0.9,22.5,18.3,0.091,0.473,0.944
Abdel,Nader,SF,28,PHO,0.21577381,10.35714286,0.4,0.286,3,16.6,5.9,2.7,2.5,21.8,15,0.286,0.381,0.6
Neemias,Queta,C,22,SAC,0.178571429,8.571428571,0,0.447,12.6,15.6,7.2,0.4,5.8,11.7,18.4,,0.447,0.647
Bol,Bol,PF,22,DEN,0.120535714,5.785714286,0.148,0.185,5.7,21.4,9.1,0.6,2.2,12,18,0.25,0.609,0.4
RJ,Nembhard Jr.,SG,22,CLE,0.09375,4.5,0.111,0.222,5.4,6.9,26.1,0.8,0,13.2,16,0,0.375,0.75
Brook,Lopez,C,33,MIL,0.477564103,22.92307692,0.405,0.176,6.9,11.9,3,1.3,4.8,7.8,21.9,0.358,0.538,0.87
Justin,Anderson,SF,28,IND,0.431089744,20.69230769,0.609,0.172,1.6,15.2,13.6,1.3,1.9,6,15.8,0.245,0.559,0.8
Mamadi,Diakite,PF,25,OKC,0.301282051,14.46153846,0.106,0.234,9.2,23.3,1.6,1.3,4.5,11.9,13.5,0,0.595,0.545
Jamorko,Pickett,PF,24,DET,0.282051282,13.53846154,0.78,0.04,3.5,16.8,5.8,0,3.6,8.9,13.6,0.333,0.455,0.5
Javonte,Smart,PG,22,MIL,0.256410256,12.30769231,0.419,0.14,2.7,9.7,10.9,1.2,1.2,16.5,14.6,0.222,0.28,0.833
Solomon,Hill,PF,30,ATL,0.22275641,10.69230769,0.65,0,4.8,13.3,10.3,1.4,1.3,4.8,6.6,0.154,0.143,
Udonis,Haslem,C,41,MIA,0.133012821,6.384615385,0.097,5.6,28.2,7.4,0.6,1.3,13.4,20,0.25,0.481,1,
Sharife,Cooper,PG,20,ATL,0.0625,3,0.429,0,0,14,16.3,0,0,26.3,21.3,0.167,0.25,
Petr,Cornelie,PF,26,DEN,0.060897436,2.923076923,0.533,0.267,21.3,19.9,10.8,1.3,2.4,19.3,24,0.125,0.571,0.75
Marcus,Garrett,SG,23,MIA,0.222222222,10.66666667,0.19,0.238,8.1,12.2,7,2,2.5,7.9,8.8,0.25,0.235,0.4
Jabari,Parker,PF,26,BOS,0.194444444,9.333333333,0.421,0.237,5,21.7,7.9,1.8,0.8,16,19.6,0.5,0.455,1
Luke,Kornet,C,26,BOS,0.147569444,7.083333333,0.19,0.143,13,18.6,13.5,1.8,2.1,0,11.6,0,0.706,0.667
Isaiah,Todd,PF,20,WAS,0.128472222,6.166666667,0.615,0.231,4.6,13.3,7.3,2.7,2.3,12.3,19.6,0.25,0.3,0.333
Yves,Pons,SF,22,MEM,0.123263889,5.916666667,0.563,0.125,7.2,10.6,1.7,0.7,5,5.6,10.3,0.333,0.286,0
Brodric,Thomas,SG,25,BOS,0.104166667,5,0.5,0.278,3.7,14.1,26,0.8,1.5,22.9,19.2,0.222,0.667,0.6
Robert,Woodard II,SF,22,SAC,0.072916667,3.5,0.25,0.125,12.8,15.7,9,1.1,2.1,5.6,18.3,0.25,0.083,1
Collin,Sexton,SG,23,CLE,0.598484848,28.72727273,0.298,0.258,4.6,7.9,11.9,1.6,0,15.6,27.9,0.244,0.538,0.744
Devon,Dotson,PG,22,CHI,0.160984848,7.727272727,0.391,0.391,1.3,10.5,23.9,0.6,0,15.6,16.6,0.222,0.643,0.556
Quinndary,Weatherspoon,SG,25,GSW,0.138257576,6.636363636,0.238,0.238,3.1,17.4,10.1,0.7,1.3,11.5,15.7,0.2,0.688,1
Tacko,Fall,C,26,CLE,0.111742424,5.363636364,0,0.583,13.4,29.4,4.6,0,9.1,16.6,13.6,,0.417,0.286
Myles,Powell,PG,24,PHI,0.098484848,4.727272727,0.353,0.118,2.2,10.6,8,1,0,14.4,18,0.167,0.364,1
Tim,Frazier,PG,31,ORL,0.416666667,20,0.395,0.209,2.6,7.4,22.6,0.7,0.5,21.7,13,0.353,0.269,0.556
Xavier,Moon,SG,27,LAC,0.285416667,13.7,0.275,0.098,1.6,9,27,2.5,1.9,10.1,19,0.357,0.541,0.6
Louis,King,SF,22,SAC,0.216666667,10.4,0.574,0.213,0,12.7,12.5,0.9,0.8,0,21.2,0.296,0.35,0.7
Ryan,Arcidiacono,PG,27,NYK,0.158333333,7.6,0.75,0,0,11.5,7.5,0.7,0,20,8.6,0.444,0.667,
Trevelin,Queen,SG,24,HOU,0.154166667,7.4,0.727,0.121,10.3,13.4,8.8,3.2,1.2,16.8,23.9,0.375,0.667,1
Michael,Porter Jr.,SF,23,DEN,0.613425926,29.44444444,0.466,0.087,3.9,20.4,8.9,1.9,0.7,10.1,19.7,0.208,0.491,0.556
Braxton,Key,SF,24,DET,0.44212963,21.22222222,0.286,0.186,6.5,21.5,8.4,2.3,5.2,10.6,19,0.3,0.52,0.538
Frank,Kaminsky,C,28,PHO,0.418981481,20.11111111,0.227,0.303,6.7,17.3,10.1,2.1,3.4,6.3,19,0.333,0.608,0.9
Reggie,Perry,PF,21,POR,0.409722222,19.66666667,0.205,0.192,9,20,11.7,2.5,3.3,11.5,23.4,0.188,0.581,0.6
Paul,Watson,SF,27,OKC,0.361111111,17.33333333,0.743,0.057,1.9,16.1,7.2,0.9,1.8,10,11,0.231,0.667,0.5
Cassius,Stanley,SG,22,DET,0.358796296,17.22222222,0.37,0.217,3.3,10.3,3.9,1.6,1.2,10.6,15.6,0.235,0.517,1
Freddie,Gillespie,PF,24,ORL,0.275462963,13.22222222,0.045,0.318,11.5,20.5,5.9,1.2,6.9,16.6,10.9,0,0.429,0.429
Chris,Silva,PF,25,MIA,0.203703704,9.777777778,0,0.8,17,27.9,10.9,0,1.2,28.3,14.3,,0.533,0.833
Georgios,Kalaitzakis,SF,23,MIL,0.111111111,5.333333333,0.364,0.818,9,8.7,0,1,2,21.1,16.9,0.5,0.429,0.444
Marko,Simonovic,C,22,CHI,0.081018519,3.888888889,0.333,0.733,16.2,16,0,1.4,2.5,9.2,27.5,0.2,0.3,0.727
Victor,Oladipo,SG,29,MIA,0.450520833,21.625,0.493,0.26,2,12.9,26.3,1.4,0.6,16.4,25.1,0.417,0.541,0.737
Hassani,Gravett,PG,25,ORL,0.4453125,21.375,0.684,0.105,0.6,12.4,17,1.4,0.5,18.5,12.3,0.423,0.583,0.75
Malik,Fitts,PF,24,BOS,0.072916667,3.5,0.6,0,7.9,18.8,28.6,0,0,0,15.7,0.5,0.75,
Jaylen,Hoard,SF,22,OKC,0.714285714,34.28571429,0.278,0.156,12.7,23.5,11.6,1.2,1.9,7.7,18.7,0.36,0.538,0.429
Didi,Louzada,SG,22,POR,0.363095238,17.42857143,0.667,0.067,2.6,11.2,4.7,0.8,1.6,13.9,12.7,0.45,0.3,1
Gabriel,Deck,PF,26,OKC,0.166666667,8,0.286,0,1.8,9.3,13.7,0.9,0,12.5,12.3,0.5,0.6,
Cassius,Winston,PG,23,WAS,0.116071429,5.571428571,0.545,0.364,0,2.8,24.4,0,0,19,18,0.333,0.4,1
Xavier,Sneed,SF,24,UTA,0.092261905,4.428571429,0.75,0,3.7,10.3,4.1,0,0,0,11.2,0.167,0.5,
Joel,Ayayi,SG,21,WAS,0.05952381,2.857142857,0.167,0,5.6,10.9,25.4,0,0,0,13.3,0,0.2,
Tyrone,Wallace,SG,27,NOP,0.260416667,12.5,0.4,0.25,0,12.1,1.8,2,1.3,8.3,13.9,0.25,0.417,0.2
Sam,Merrill,SG,25,MEM,0.201388889,9.666666667,0.958,0.167,1.8,11.1,9,0,0,7.2,19.6,0.304,1,0.5
Justin,Jackson,SF,26,PHO,0.121527778,5.833333333,0.643,0,3.1,17.9,7.5,0,0,6.7,18.4,0.333,0.4,
Chandler,Hutchison,SF,25,PHO,0.076388889,3.666666667,0,1,0,23.8,10.5,0,0,58.1,13.5,,0.5,1
Aaron,Henry,SF,22,PHI,0.059027778,2.833333333,0.2,0,0,6.5,0,0,10.6,28.6,18.5,0,0.25,
Dakota,Mathias,SG,26,MEM,0.055555556,2.666666667,1,0,0,13.4,8,3,0,0,15.4,0.333,,
Nik,Stauskas,SG,28,BOS,0.052083333,2.5,1,0.333,0,0,9.4,0,0,12.7,23.1,0.333,,0.5
Devin,Cannady,PG,25,ORL,0.604166667,29,0.841,0.159,0.7,3.7,10,1.7,1.9,9.6,15.5,0.405,0,0.714
Aleem,Ford,SF,24,ORL,0.308333333,14.8,0.75,0,2.8,18.6,3.8,0.7,0,16.7,14,0.133,0.8,
Greg,Monroe,C,31,MIL,0.291666667,14,0,0.409,17,14.8,4,2.1,2.8,10.4,17.7,,0.5,0.556
Brandon,Knight,PG,30,DAL,0.270833333,13,0.68,0.32,0,13.7,18.6,0.8,0,12.3,22.5,0.235,0.75,1
Jared,Harper,PG,24,NOP,0.179166667,8.6,0.462,0.154,5,0,64.1,4.6,2.2,6.7,29.7,0.417,0.643,1
McKinley,Wright IV,PG,23,MIN,0.079166667,3.8,0.667,0,0,0,20.9,0,0,25,8.8,0.5,1,
Zavier,Simpson,PG,24,OKC,0.90625,43.5,0.154,0.096,1.2,11.4,25.2,1.4,2.1,15.6,15.9,0.125,0.409,1
Carsen,Edwards,SG,23,DET,0.411458333,19.75,0.533,0.033,2.6,5.8,26.2,1.2,0,14.1,19.2,0.25,0.357,1
B.J.,Johnson,SF,26,ORL,0.338541667,16.25,0.4,0,9.7,14.7,0,0,1.4,0,16.7,0.4,0.467,
Langston,Galloway,SG,30,BRK,0.302083333,14.5,0.615,0,1.9,12.8,11,0,0,27.8,13.3,0.25,0.6,
D.J.,Wilson,PF,25,TOR,0.28125,13.5,0.133,0.667,1.9,31.8,14.6,4.6,1.8,9.3,17,0,0.846,0.8
Mason,Jones,SG,23,LAL,0.265625,12.75,0.267,1,2.1,18.9,10.9,1.9,0,4.4,19,0.25,0.545,0.8
Gabriel,Lundberg,SG,27,PHO,0.229166667,11,0.421,0,5,11.9,31.5,3.3,0,13.6,21.5,0.375,0.182,
Jordan,Schakel,SG,23,WAS,0.15625,7.5,0.545,0.182,7.5,21.8,0,1.6,0,7.8,19.1,0.167,0,1
Jeff,Dowtin,PG,24,GSW,0.145833333,7,0.167,0,4,22.7,14.6,0,3.4,14.3,10.9,0,0.6,
Jay,Huff,C,23,LAL,0.104166667,5,0.667,0,5.4,16.1,5.9,2.4,4.5,25,8.6,0,0,
George,King,SF,28,DAL,0.098958333,4.75,0.8,0.4,0,29.3,0,0,0,14.5,16.3,0,0,0.5
Eugene,Omoruyi,SF,24,DAL,0.09375,4.5,0.4,0.8,12.3,30.9,15.8,0,0,0,16.9,0.5,0.333,0.5
Vernon,Carey Jr.,C,20,CHO,0.088541667,4.25,0,0.5,18.4,12.6,0,2.8,0,12,20.8,,0.5,0.667
JaQuori,McLaughlin,PG,24,DAL,0.057291667,2.75,0.5,0,0,0,22.3,0,0,0,8.2,0,0,
Melvin,Frazier,SG,25,OKC,0.833333333,40,0.438,0.146,4.2,7,1.2,0.4,0,5.5,19.5,0.048,0.444,0.714
Derrick,Walton,PG,26,DET,0.75,36,0.5,0.154,1.9,8.4,26.4,3.2,3.3,28.4,15.4,0.231,0.231,1
Chaundee,Brown Jr.,SG,23,ATL,0.576388889,27.66666667,0.6,0.24,1.3,17,6.4,1.2,0,0,14.6,0.4,0.3,0.833
Wes,Iwundu,SF,27,ATL,0.569444444,27.33333333,0.278,0.222,4,13.3,0,0.6,0,4.8,11.1,0.6,0.385,0.75
Cameron,McGriff,SF,24,POR,0.319444444,15.33333333,0.429,0.143,13.8,22.3,9.4,0,2.1,0,14,0.333,0.375,1
Tyler,Johnson,PG,29,PHI,0.263888889,12.66666667,0.7,0,3,14.4,7.4,1.3,2.4,9.1,13,0.429,0.333,
Darren,Collison,PG,34,LAL,0.256944444,12.33333333,0.429,0,0,11.6,6.8,1.3,0,12.5,9.3,0,0.5,
Micah,Potter,C,23,DET,0.215277778,10.33333333,0.182,0.182,13.3,18.4,0,1.6,2.9,7.8,17.8,0,0.556,1
Cheick,Diallo,C,25,DET,0.215277778,10.33333333,0,0.75,13.3,29.4,0,1.6,0,8.6,16.1,,0.375,0.833
Rayjon,Tucker,SG,24,DEN,0.201388889,9.666666667,1,2,4,11.2,16.7,1.7,0,0,5.7,0.5,,0.75
Deividas,Sirvydis,SG,21,DET,0.1875,9,0.7,0,0,25.3,4.9,5.4,3.3,0,15.9,0.143,0,
Daniel,Oturu,C,22,TOR,0.1875,9,0.167,0.833,3.8,17,0,0,7.2,0,13,0,0.6,0.6
Carlik,Jones,PG,24,DAL,0.131944444,6.333333333,0.143,0.286,5.8,11.7,32.3,2.6,0,27.6,25.8,0,0,1
Wayne,Selden,SG,27,NYK,0.131944444,6.333333333,0.5,1,0,5.8,7.2,0,0,0,13.3,0.5,0,0.5
Norvel,Pelle,C,28,UTA,0.131944444,6.333333333,0,0,17.9,16.7,0,0,4.6,28.6,16,,0.6,
Craig,Sword,SG,28,WAS,0.131944444,6.333333333,0.25,0,0,0,7.7,10.4,0,20,11.7,0,1,
Emanuel,Terry,PF,25,PHO,0.125,6,0,0,48.9,40.6,12.2,2.7,0,50,23.9,,0,
Jaylen,Morris,SG,26,SAS,0.111111111,5.333333333,0.333,0.667,0,13.2,14,0,0,11.4,23.1,0,0,0.5
James,Ennis III,SF,31,DEN,0.097222222,4.666666667,0.333,0.167,8.2,7.7,29.8,0,0,13.4,23.3,0,0.5,0
Moses,Wright,PF,23,DAL,0.090277778,4.333333333,0.25,0.75,8.5,17.1,10.4,0,7,0,18.4,0,0.333,1
Cat,Barber,PG,27,ATL,0.090277778,4.333333333,0,1,8.5,16.7,26.7,0,0,14.8,22.7,,0,0
Jarron,Cumberland,SG,24,POR,0.083333333,4,0.5,0,8.8,19,11.6,0,0,0,7.2,0,1,
DaQuan,Jeffries,SG,24,MEM,0.0625,3,0.5,0,0,23.8,14,0,0,0,9.1,0,1,
Jon,Teske,C,24,MEM,0.055555556,2.666666667,0,2,0,26.8,13.8,6,0,0,9.6,,0,0
Cameron,Oliver,SF,25,ATL,0.447916667,21.5,0.2,0.2,5.1,10.1,11.1,1.1,2.1,0,16.6,0.333,0.75,0.667
Tremont,Waters,PG,24,TOR,0.4375,21,0.75,0,0,10.9,21.7,4.8,0,25,16.3,0.222,0.333,
Shaquille,Harrison,SG,28,BRK,0.239583333,11.5,0.333,0,4.9,13.8,16.6,2.1,3.9,25,15,0,0.5,
Damyean,Dotson,SG,27,NYK,0.21875,10.5,0.25,0,0,10.4,6.9,0,0,0,8.3,0,0.667,
Gabe,York,SG,28,IND,0.21875,10.5,0.857,0.714,0,10.8,25.1,4.7,4.1,9.8,20.8,0.167,1,0.6
Sekou,Doumbouya,PF,21,LAL,0.166666667,8,0.25,0.5,13.5,26.8,0,9,11.1,17,31.6,0.5,0.667,0.75
Jemerrio,Jones,SF,26,LAL,0.15625,7.5,0,0,14.4,7.1,0,3.2,0,0,8.6,,0.667,
Rob,Edwards,SG,25,OKC,0.114583333,5.5,1,0,0,28.5,0,0,0,20,19.6,0.25,,
Emmanuel,Mudiay,PG,25,SAC,0.114583333,5.5,0,2,0,0,43.4,4.4,0,21,18.6,,0,0.75
Tre,Scott,SF,25,CLE,0.114583333,5.5,0.167,0,10.3,9.8,0,4.5,8.1,0,24.1,0,0.6,
Shaq,Buchanan,PG,25,MEM,0.104166667,5,0.5,0,10.2,10.7,24.9,4.8,0,33.3,24.6,0,0.5,
Feron,Hunt,SF,22,NYK,0.083333333,4,0,0,13.2,0,16,6.3,0,33.3,16.4,,0,
M.J.,Walker,SG,23,PHO,0.083333333,4,0.5,0,0,13.1,13.8,12,0,0,21.5,0,0,
Anthony,Lamb,SF,24,SAS,0.083333333,4,1,0,0,13.2,27.9,0,0,0,10.6,0,,
Scottie,Lewis,SG,21,CHO,0.072916667,3.5,,,0,0,16.2,6.9,0,0,5.3,,,0.5
Paris,Bass,SF,26,PHO,0.072916667,3.5,0.333,0.333,31.5,29.9,0,6.9,0,22.5,54.6,0,0.5,1
Jaden,Springer,SG,19,PHI,0.0625,3,0,0,18.9,18.3,0,0,30,50,15,,1,
Jordan,Goodwin,SG,23,WAS,0.0625,3,0.333,0,0,18.2,0,0,0,0,22.2,0,0,
Arnoldas,Kulboka,SF,24,CHO,0.052083333,2.5,1,0,0,0,0,0,0,0,8.5,0,,
Tyrell,Terry,PG,21,MEM,0.03125,1.5,0,0,0,0,0,0,0,0,13.7,,1,
David,Johnson,SG,20,TOR,0.020833333,1,1,0,0,0,0,0,0,0,21.4,0,,
Nate,Hinton,SG,22,IND,0.020833333,1,0,0,0,0,0,0,0,50,42.8,,0,
Juwan,Morgan,PF,24,TOR,0.5625,27,0.667,0,7.6,8.5,4.8,0,0,0,4.8,0.5,1,
Scotty,Hopson,SG,32,OKC,0.375,18,0.25,0,0,5.8,8.1,0,0,33.3,14.4,0,0.667,
Trayvon,Palmer,SG,27,DET,0.354166667,17,0,0,0,13.4,0,0,0,50,5,,0,
Malik,Newman,PG,24,CLE,0.166666667,8,0.2,0.4,0,13.5,27.8,0,0,14.5,38.1,0,0.75,1
Jaysean,Paige,PG,27,DET,0.145833333,7,0.667,0,0,16.3,18.1,0,0,25,24.5,0,0,
Matt,Ryan,SF,24,BOS,0.104166667,5,1,0,0,0,0,9.9,0,0,44,0.2,,
Zylan,Cheatham,SF,26,UTA,0.104166667,5,0.667,0,0,0,0,0,0,0,26.1,0,0,
Javin,DeLaurier,C,23,MIL,0.0625,3,,,0,34.6,0,16,0,,0,,,
Mac,McClung,PG,23,CHI,0.0625,3,0,0,0,0,0,0,0,50,29.4,,1,
Jaime,Echenique,C,24,WAS,0.0625,3,,,0,0,0,0,0,,0,,,
Tyler,Hall,SG,24,NYK,0.041666667,2,,,0,0,0,0,0,,0,,,
Matt,Mooney,SG,24,NYK,0.041666667,2,1,0,0,0,0,25,0,50,43.8,0,,
Jordan,Bell,C,27,CHI,0.041666667,2,,,56.6,0,0,24.4,0,,0,,,
C.J.,Miles,SG,34,BOS,0.041666667,2,,,0,0,0,0,0,,0,,,
Joe,Johnson,SG,40,BOS,0.041666667,2,0,0,0,0,0,0,0,0,22,,1,
DeJon,Jarreau,SG,24,IND,0.020833333,1,,,0,0,0,0,0,,0,,,
Ade,Murkey,SG,24,SAC,0.020833333,1,,,0,0,0,0,0,,0,,,
Ahmad,Caver,PG,25,IND,0.020833333,1,0,0,0,0,0,0,0,0,42.8,,1,
Sam,Dekker,PF,27,TOR,0.020833333,1,,,0,0,0,0,0,,0,,,